2.00E+00,8.92E-01,6.00E+01,8 
2.00E+00,8.06E-01,3.00E+01,13 
2.00E+00,5.89E-01,3.00E+01,20 
2.00E+00,6.38E-01,3.00E+01,23 
2.00E+00,7.42E-01,3.00E+01,29 
2.00E+00,6.64E-01,6.00E+01,30 
2.00E+00,8.01E-01,3.00E+01,38 
2.00E+00,6.90E-01,3.00E+01,41 
2.00E+00,8.03E-01,3.00E+01,61 
2.00E+00,9.77E-01,2.71E+01,65 
2.00E+00,6.04E-01,3.00E+01,69 
2.00E+00,8.86E-01,3.00E+01,74 
2.00E+00,6.08E-01,3.00E+01,77 
2.00E+00,7.46E-01,3.00E+01,82 
2.00E+00,6.17E-01,3.00E+01,88 
2.00E+00,7.19E-01,3.00E+01,92 
2.00E+00,9.01E-01,6.00E+01,96 
2.00E+00,7.44E-01,3.00E+01,110 
2.00E+00,9.09E-01,3.00E+01,114 
2.00E+00,7.80E-01,3.00E+01,115 
2.00E+00,8.52E-01,3.00E+01,119 
2.00E+00,7.33E-01,3.00E+01,121 
2.00E+00,9.50E-01,3.00E+01,123 
2.00E+00,6.08E-01,3.00E+01,126 
2.00E+00,7.41E-01,3.00E+01,131 
2.00E+00,5.19E-01,3.00E+01,133 
2.00E+00,7.70E-01,3.00E+01,136 
2.00E+00,6.93E-01,6.00E+01,138 
2.00E+00,7.55E-01,5.67E+01,145 
2.00E+00,9.33E-01,3.00E+01,159 
2.00E+00,8.39E-01,6.00E+01,161 
2.00E+00,6.07E-01,3.00E+01,162 
2.00E+00,6.24E-01,3.00E+01,170 
2.00E+00,6.97E-01,3.00E+01,181 
2.00E+00,8.92E-01,3.00E+01,187 
2.00E+00,7.48E-01,3.00E+01,189 
2.00E+00,5.40E-01,3.00E+01,198 
2.00E+00,6.67E-01,3.00E+01,203 
2.00E+00,8.92E-01,3.00E+01,204 
2.00E+00,6.34E-01,3.00E+01,213 
2.00E+00,8.29E-01,6.00E+01,215 
2.00E+00,6.62E-01,3.00E+01,218 
2.00E+00,6.60E-01,3.00E+01,220 
2.00E+00,5.64E-01,3.00E+01,246 
2.00E+00,8.32E-01,6.00E+01,251 
2.00E+00,4.53E-01,2.02E+01,259 
2.00E+00,9.29E-01,6.00E+01,260 
2.00E+00,6.69E-01,3.00E+01,278 
2.00E+00,8.05E-01,3.00E+01,286 
2.00E+00,8.76E-01,3.00E+01,288 
2.00E+00,4.01E-01,3.00E+01,291 
2.00E+00,6.90E-01,3.00E+01,293 
2.00E+00,6.74E-01,3.00E+01,298 
2.00E+00,8.24E-01,3.00E+01,310 
2.00E+00,8.71E-01,3.00E+01,324 
2.00E+00,8.67E-01,6.00E+01,325 
2.00E+00,9.41E-01,3.00E+01,327 
2.00E+00,5.69E-01,3.00E+01,329 
2.00E+00,6.19E-01,3.00E+01,335 
2.00E+00,4.31E-01,6.00E+01,337 
2.00E+00,7.27E-01,3.00E+01,342 
2.00E+00,6.46E-01,3.00E+01,343 
2.00E+00,6.51E-01,2.33E+01,344 
2.00E+00,7.48E-01,3.00E+01,348 
2.00E+00,8.44E-01,6.00E+01,353 
2.00E+00,9.58E-01,3.00E+01,384 
2.00E+00,8.87E-01,6.00E+01,389 
2.00E+00,6.13E-01,3.00E+01,396 
2.00E+00,9.13E-01,3.00E+01,399 
2.00E+00,7.93E-01,6.00E+01,406 
2.00E+00,9.21E-01,5.16E+01,413 
2.00E+00,7.43E-01,3.00E+01,427 
2.00E+00,7.35E-01,3.00E+01,428 
2.00E+00,7.90E-01,3.00E+01,434 
2.00E+00,8.87E-01,3.00E+01,443 
2.00E+00,6.44E-01,6.00E+01,453 
2.00E+00,9.74E-01,6.00E+01,461 
2.00E+00,8.18E-01,3.00E+01,466 
2.00E+00,8.86E-01,3.00E+01,468 
2.00E+00,6.73E-01,6.00E+01,477 
2.00E+00,7.36E-01,6.00E+01,484 
2.00E+00,9.07E-01,3.00E+01,498 
2.00E+00,9.24E-01,3.00E+01,503 
2.00E+00,9.73E-01,3.00E+01,511 
2.00E+00,8.84E-01,3.00E+01,521 
2.00E+00,6.77E-01,3.00E+01,522 
2.00E+00,8.03E-01,3.00E+01,523 
2.00E+00,8.85E-01,3.00E+01,529 
2.00E+00,9.52E-01,3.00E+01,533 
2.00E+00,9.06E-01,6.00E+01,539 
2.00E+00,6.99E-01,3.00E+01,554 
2.00E+00,7.25E-01,3.00E+01,556 
2.00E+00,6.35E-01,2.60E+01,557 
2.00E+00,5.59E-01,3.00E+01,559 
2.00E+00,7.41E-01,3.00E+01,561 
2.00E+00,5.90E-01,3.00E+01,565 
2.00E+00,9.78E-01,2.94E+01,572 
2.00E+00,9.07E-01,3.00E+01,577 
2.00E+00,9.04E-01,3.00E+01,593 
2.00E+00,6.44E-01,3.00E+01,603 
2.00E+00,9.04E-01,3.00E+01,608 
2.00E+00,6.46E-01,3.00E+01,623 
2.00E+00,7.92E-01,6.00E+01,634 
2.00E+00,9.40E-01,3.00E+01,638 
2.00E+00,7.38E-01,6.00E+01,640 
2.00E+00,7.50E-01,3.00E+01,646 
2.00E+00,9.61E-01,6.00E+01,649 
2.00E+00,9.27E-01,3.00E+01,650 
2.00E+00,6.25E-01,3.00E+01,653 
2.00E+00,9.41E-01,3.00E+01,656 
2.00E+00,5.83E-01,3.00E+01,664 
2.00E+00,5.69E-01,3.00E+01,679 
2.00E+00,9.61E-01,3.00E+01,687 
2.00E+00,6.94E-01,3.00E+01,688 
2.00E+00,7.06E-01,3.00E+01,693 
2.00E+00,5.45E-01,3.00E+01,696 
2.00E+00,8.94E-01,3.00E+01,697 
2.00E+00,8.10E-01,3.00E+01,699 
2.00E+00,7.44E-01,3.00E+01,702 
2.00E+00,7.34E-01,3.00E+01,709 
2.00E+00,8.78E-01,6.00E+01,712 
2.00E+00,7.24E-01,6.00E+01,716 
2.00E+00,5.96E-01,3.00E+01,718 
2.00E+00,8.96E-01,3.00E+01,723 
2.00E+00,9.52E-01,3.00E+01,732 
2.00E+00,8.95E-01,3.00E+01,737 
2.00E+00,7.22E-01,3.00E+01,740 
2.00E+00,9.44E-01,3.00E+01,741 
2.00E+00,4.72E-01,3.00E+01,742 
2.00E+00,8.89E-01,3.00E+01,745 
2.00E+00,6.39E-01,3.00E+01,746 
2.00E+00,8.51E-01,3.00E+01,766 
2.00E+00,5.85E-01,3.47E+01,767 
2.00E+00,8.93E-01,3.00E+01,770 
2.00E+00,8.56E-01,3.00E+01,785 
2.00E+00,9.46E-01,3.00E+01,787 
2.00E+00,9.80E-01,6.00E+01,788 
2.00E+00,9.72E-01,6.00E+01,789 
2.00E+00,6.38E-01,3.00E+01,793 
2.00E+00,7.69E-01,3.00E+01,807 
2.00E+00,5.21E-01,2.54E+01,820 
2.00E+00,8.86E-01,3.00E+01,835 
2.00E+00,9.51E-01,6.00E+01,849 
2.00E+00,6.50E-01,3.00E+01,850 
2.00E+00,5.75E-01,6.00E+01,851 
2.00E+00,6.64E-01,3.00E+01,855 
2.00E+00,8.54E-01,3.00E+01,872 
2.00E+00,5.16E-01,3.00E+01,875 
2.00E+00,8.38E-01,3.00E+01,878 
2.00E+00,9.49E-01,6.00E+01,887 
2.00E+00,8.20E-01,3.00E+01,889 
2.00E+00,9.85E-01,6.00E+01,892 
2.00E+00,9.30E-01,3.00E+01,903 
2.00E+00,6.65E-01,3.00E+01,906 
2.00E+00,4.76E-01,3.00E+01,908 
2.00E+00,4.86E-01,3.00E+01,913 
2.00E+00,9.71E-01,3.00E+01,914 
2.00E+00,7.90E-01,6.00E+01,916 
2.00E+00,7.97E-01,3.00E+01,917 
2.00E+00,7.87E-01,6.00E+01,919 
2.00E+00,5.20E-01,3.00E+01,927 
2.00E+00,5.78E-01,3.00E+01,935 
2.00E+00,6.20E-01,3.00E+01,957 
2.00E+00,5.66E-01,6.00E+01,968 
2.00E+00,7.25E-01,3.00E+01,971 
2.00E+00,8.59E-01,3.00E+01,975 
2.00E+00,7.77E-01,3.00E+01,977 
2.00E+00,8.45E-01,3.00E+01,979 
2.00E+00,5.57E-01,3.00E+01,989 
2.00E+00,5.07E-01,2.79E+01,991 
2.00E+00,6.46E-01,3.00E+01,993 
2.00E+00,8.64E-01,3.00E+01,997 
2.00E+00,5.41E-01,3.00E+01,1025 
2.00E+00,8.19E-01,3.00E+01,1030 
2.00E+00,8.29E-01,3.00E+01,1031 
2.00E+00,5.25E-01,3.00E+01,1036 
2.00E+00,5.92E-01,3.00E+01,1065 
2.00E+00,9.18E-01,6.00E+01,1068 
2.00E+00,8.67E-01,6.00E+01,1071 
2.00E+00,4.86E-01,3.80E+01,1072 
2.00E+00,9.43E-01,3.00E+01,1073 
2.00E+00,6.79E-01,6.00E+01,1078 
2.00E+00,5.90E-01,4.51E+01,1081 
2.00E+00,8.04E-01,6.00E+01,1084 
2.00E+00,9.01E-01,3.00E+01,1091 
2.00E+00,5.50E-01,6.00E+01,1095 
2.00E+00,4.93E-01,3.00E+01,1099 
2.00E+00,8.99E-01,6.00E+01,1100 
2.00E+00,6.77E-01,3.00E+01,1115 
2.00E+00,7.77E-01,3.00E+01,1124 
2.00E+00,5.72E-01,3.00E+01,1130 
2.00E+00,8.28E-01,3.00E+01,1131 
2.00E+00,9.32E-01,3.00E+01,1133 
2.00E+00,8.42E-01,3.00E+01,1134 
2.00E+00,7.53E-01,3.00E+01,1136 
2.00E+00,8.21E-01,3.00E+01,1145 
2.00E+00,9.58E-01,3.00E+01,1152 
2.00E+00,9.78E-01,3.00E+01,1154 
2.00E+00,3.68E-01,1.73E+01,1156 
2.00E+00,7.07E-01,6.00E+01,1173 
2.00E+00,8.94E-01,3.00E+01,1175 
2.00E+00,5.72E-01,6.00E+01,1177 
2.00E+00,8.26E-01,3.00E+01,1178 
2.00E+00,5.96E-01,3.00E+01,1182 
2.00E+00,7.95E-01,3.00E+01,1183 
2.00E+00,7.38E-01,3.00E+01,1187 
2.00E+00,5.67E-01,3.00E+01,1188 
2.00E+00,8.01E-01,3.00E+01,1191 
2.00E+00,5.30E-01,3.00E+01,1193 
2.00E+00,9.30E-01,3.00E+01,1201 
2.00E+00,6.30E-01,3.00E+01,1209 
2.00E+00,4.58E-01,3.00E+01,1219 
2.00E+00,9.17E-01,3.00E+01,1220 
2.00E+00,7.48E-01,3.00E+01,1226 
2.00E+00,8.25E-01,6.00E+01,1236 
2.00E+00,7.99E-01,3.00E+01,1241 
2.00E+00,5.97E-01,3.00E+01,1245 
2.00E+00,4.81E-01,6.00E+01,1250 
2.00E+00,6.39E-01,6.00E+01,1274 
2.00E+00,6.87E-01,3.00E+01,1280 
2.00E+00,8.50E-01,3.00E+01,1281 
2.00E+00,8.62E-01,3.00E+01,1286 
2.00E+00,6.82E-01,2.64E+01,1291 
2.00E+00,5.02E-01,3.00E+01,1294 
2.00E+00,7.00E-01,3.00E+01,1295 
2.00E+00,9.41E-01,3.00E+01,1298 
2.00E+00,3.28E-01,6.00E+01,1300 
2.00E+00,5.96E-01,2.77E+01,1310 
2.00E+00,6.62E-01,3.00E+01,1316 
2.00E+00,9.03E-01,3.00E+01,1317 
2.00E+00,3.56E-01,3.00E+01,1322 
2.00E+00,5.85E-01,3.00E+01,1332 
2.00E+00,7.79E-01,3.00E+01,1333 
2.00E+00,9.72E-01,6.00E+01,1334 
2.00E+00,4.98E-01,3.00E+01,1343 
2.00E+00,9.88E-01,3.00E+01,1345 
2.00E+00,7.02E-01,6.00E+01,1350 
2.00E+00,8.21E-01,3.00E+01,1354 
2.00E+00,3.79E-01,3.00E+01,1356 
2.00E+00,6.85E-01,3.00E+01,1366 
2.00E+00,7.55E-01,6.00E+01,1375 
2.00E+00,9.42E-01,3.00E+01,1400 
2.00E+00,9.01E-01,3.00E+01,1407 
2.00E+00,9.67E-01,3.00E+01,1418 
2.00E+00,8.38E-01,6.00E+01,1419 
2.00E+00,7.19E-01,3.00E+01,1436 
2.00E+00,8.33E-01,3.00E+01,1438 
2.00E+00,7.09E-01,3.00E+01,1452 
2.00E+00,7.74E-01,3.00E+01,1454 
2.00E+00,8.39E-01,5.97E+01,1458 
2.00E+00,7.92E-01,6.00E+01,1459 
2.00E+00,9.76E-01,3.00E+01,1461 
2.00E+00,6.85E-01,6.00E+01,1466 
2.00E+00,7.88E-01,6.00E+01,1469 
2.00E+00,7.32E-01,3.00E+01,1471 
2.00E+00,7.93E-01,3.00E+01,1474 
2.00E+00,6.75E-01,3.00E+01,1478 
2.00E+00,9.36E-01,6.00E+01,1487 
2.00E+00,5.14E-01,3.00E+01,1516 
2.00E+00,4.82E-01,3.00E+01,1518 
2.00E+00,8.69E-01,3.00E+01,1525 
2.00E+00,4.69E-01,3.00E+01,1526 
2.00E+00,6.19E-01,3.00E+01,1532 
2.00E+00,8.88E-01,3.00E+01,1536 
2.00E+00,7.84E-01,6.00E+01,1540 
2.00E+00,7.22E-01,3.00E+01,1543 
2.00E+00,7.34E-01,3.00E+01,1546 
2.00E+00,6.60E-01,3.00E+01,1547 
2.00E+00,6.81E-01,3.00E+01,1552 
2.00E+00,6.70E-01,6.00E+01,1561 
2.00E+00,8.32E-01,4.20E+01,1563 
2.00E+00,9.25E-01,3.00E+01,1564 
2.00E+00,7.87E-01,3.00E+01,1565 
2.00E+00,9.35E-01,3.00E+01,1571 
2.00E+00,9.73E-01,3.00E+01,1581 
2.00E+00,6.88E-01,3.00E+01,1583 
2.00E+00,9.86E-01,6.00E+01,1586 
2.00E+00,8.94E-01,6.00E+01,1587 
2.00E+00,8.63E-01,3.00E+01,1588 
2.00E+00,7.15E-01,3.00E+01,1592 
2.00E+00,5.28E-01,3.00E+01,1598 
2.00E+00,8.33E-01,3.00E+01,1602 
2.00E+00,6.50E-01,3.00E+01,1606 
2.00E+00,8.14E-01,3.00E+01,1608 
2.00E+00,9.42E-01,3.00E+01,1620 
2.00E+00,6.42E-01,3.00E+01,1627 
2.00E+00,8.05E-01,3.00E+01,1632 
2.00E+00,6.41E-01,3.00E+01,1634 
2.00E+00,5.82E-01,1.26E+01,1635 
2.00E+00,8.26E-01,3.00E+01,1639 
2.00E+00,8.08E-01,3.00E+01,1643 
2.00E+00,9.82E-01,5.00E+01,1649 
2.00E+00,9.60E-01,6.00E+01,1651 
2.00E+00,7.71E-01,3.00E+01,1667 
2.00E+00,7.90E-01,6.00E+01,1668 
2.00E+00,6.35E-01,3.00E+01,1669 
2.00E+00,8.80E-01,3.00E+01,1672 
2.00E+00,9.77E-01,3.00E+01,1676 
2.00E+00,5.92E-01,3.00E+01,1679 
2.00E+00,6.74E-01,3.00E+01,1690 
2.00E+00,7.41E-01,3.00E+01,1692 
2.00E+00,7.34E-01,3.00E+01,1709 
2.00E+00,7.12E-01,3.00E+01,1716 
2.00E+00,9.62E-01,6.00E+01,1722 
2.00E+00,8.76E-01,3.00E+01,1723 
2.00E+00,8.77E-01,3.00E+01,1731 
2.00E+00,9.83E-01,3.00E+01,1737 
2.00E+00,9.45E-01,4.70E+01,1744 
2.00E+00,8.16E-01,3.00E+01,1746 
2.00E+00,6.85E-01,3.00E+01,1764 
2.00E+00,8.11E-01,6.00E+01,1774 
2.00E+00,7.28E-01,3.00E+01,1795 
2.00E+00,8.35E-01,6.00E+01,1809 
2.00E+00,6.24E-01,3.00E+01,1813 
2.00E+00,7.49E-01,3.01E+01,1825 
2.00E+00,5.06E-01,3.00E+01,1826 
2.00E+00,8.52E-01,6.00E+01,1834 
2.00E+00,8.97E-01,3.07E+01,1836 
2.00E+00,7.96E-01,6.00E+01,1839 
2.00E+00,6.57E-01,1.65E+01,1842 
2.00E+00,8.85E-01,3.00E+01,1852 
2.00E+00,8.78E-01,3.00E+01,1872 
2.00E+00,7.92E-01,3.00E+01,1893 
2.00E+00,6.35E-01,2.67E+01,1903 
2.00E+00,9.26E-01,3.00E+01,1907 
2.00E+00,7.39E-01,5.02E+01,1909 
2.00E+00,7.53E-01,6.00E+01,1913 
2.00E+00,7.52E-01,6.00E+01,1916 
2.00E+00,5.58E-01,3.00E+01,1918 
2.00E+00,6.22E-01,3.00E+01,1919 
2.00E+00,5.01E-01,3.00E+01,1925 
2.00E+00,8.69E-01,3.00E+01,1928 
2.00E+00,8.81E-01,3.67E+01,1929 
2.00E+00,9.27E-01,3.00E+01,1937 
2.00E+00,6.59E-01,3.00E+01,1944 
2.00E+00,5.20E-01,3.00E+01,1954 
2.00E+00,7.47E-01,3.00E+01,1961 
2.00E+00,6.06E-01,3.00E+01,1974 
2.00E+00,8.27E-01,3.00E+01,1983 
2.00E+00,5.15E-01,3.00E+01,1997 
2.00E+00,5.36E-01,3.00E+01,2002 
2.00E+00,5.21E-01,3.00E+01,2003 
2.00E+00,8.21E-01,3.50E+01,2004 
2.00E+00,8.74E-01,6.06E+01,2005 
2.00E+00,5.42E-01,3.00E+01,2007 
2.00E+00,8.17E-01,5.97E+01,2011 
2.00E+00,5.43E-01,3.00E+01,2012 
2.00E+00,8.05E-01,3.00E+01,2019 
2.00E+00,9.66E-01,3.00E+01,2024 
2.00E+00,5.29E-01,3.00E+01,2027 
2.00E+00,7.23E-01,3.00E+01,2031 
2.00E+00,5.98E-01,3.00E+01,2035 
2.00E+00,7.75E-01,3.00E+01,2036 
2.00E+00,6.86E-01,3.00E+01,2044 
2.00E+00,6.96E-01,2.05E+01,2053 
2.00E+00,5.05E-01,3.00E+01,2056 
2.00E+00,7.93E-01,6.00E+01,2062 
2.00E+00,8.46E-01,3.47E+01,2066 
2.00E+00,8.87E-01,3.00E+01,2067 
2.00E+00,8.22E-01,3.00E+01,2068 
2.00E+00,6.51E-01,3.00E+01,2084 
2.00E+00,9.17E-01,3.00E+01,2091 
2.00E+00,8.34E-01,3.00E+01,2092 
2.00E+00,4.57E-01,3.00E+01,2101 
2.00E+00,6.39E-01,3.00E+01,2105 
2.00E+00,8.42E-01,6.00E+01,2107 
2.00E+00,8.96E-01,3.00E+01,2112 
2.00E+00,7.84E-01,3.00E+01,2117 
2.00E+00,6.54E-01,4.60E+01,2118 
2.00E+00,5.18E-01,1.96E+01,2121 
2.00E+00,5.99E-01,3.00E+01,2152 
2.00E+00,9.49E-01,3.00E+01,2153 
2.00E+00,6.40E-01,3.00E+01,2157 
2.00E+00,4.95E-01,6.00E+01,2158 
2.00E+00,4.90E-01,3.00E+01,2163 
2.00E+00,7.67E-01,3.31E+01,2164 
2.00E+00,9.25E-01,3.00E+01,2170 
2.00E+00,8.08E-01,3.00E+01,2171 
2.00E+00,7.88E-01,3.00E+01,2176 
2.00E+00,7.74E-01,3.00E+01,2177 
2.00E+00,9.35E-01,3.00E+01,2180 
2.00E+00,7.96E-01,6.00E+01,2187 
2.00E+00,8.26E-01,3.46E+01,2193 
2.00E+00,7.47E-01,3.00E+01,2194 
2.00E+00,9.96E-01,3.00E+01,2202 
2.00E+00,7.36E-01,3.00E+01,2205 
2.00E+00,4.81E-01,3.00E+01,2213 
2.00E+00,7.96E-01,3.00E+01,2214 
2.00E+00,8.40E-01,3.00E+01,2228 
2.00E+00,6.09E-01,3.00E+01,2232 
2.00E+00,6.45E-01,6.00E+01,2233 
2.00E+00,9.37E-01,3.00E+01,2235 
2.00E+00,6.25E-01,3.00E+01,2242 
2.00E+00,5.63E-01,2.03E+01,2247 
2.00E+00,7.41E-01,3.00E+01,2248 
2.00E+00,9.49E-01,3.00E+01,2254 
2.00E+00,8.21E-01,3.00E+01,2257 
2.00E+00,7.32E-01,6.00E+01,2265 
2.00E+00,7.57E-01,3.00E+01,2270 
2.00E+00,8.86E-01,3.00E+01,2278 
2.00E+00,4.86E-01,3.00E+01,2294 
2.00E+00,8.01E-01,3.00E+01,2295 
2.00E+00,6.59E-01,3.00E+01,2296 
2.00E+00,4.58E-01,3.00E+01,2301 
2.00E+00,6.40E-01,3.00E+01,2302 
2.00E+00,7.69E-01,3.00E+01,2311 
2.00E+00,8.55E-01,3.00E+01,2314 
2.00E+00,9.93E-01,3.00E+01,2316 
2.00E+00,5.72E-01,3.00E+01,2318 
2.00E+00,5.89E-01,6.00E+01,2320 
2.00E+00,8.76E-01,3.00E+01,2334 
2.00E+00,7.94E-01,3.00E+01,2337 
2.00E+00,8.99E-01,3.00E+01,2348 
2.00E+00,8.34E-01,3.00E+01,2361 
2.00E+00,8.50E-01,3.00E+01,2370 
2.00E+00,7.03E-01,3.00E+01,2387 
2.00E+00,8.42E-01,3.00E+01,2392 
2.00E+00,6.36E-01,6.00E+01,2396 
2.00E+00,8.15E-01,3.00E+01,2399 
2.00E+00,5.11E-01,6.00E+01,2408 
2.00E+00,6.14E-01,3.00E+01,2409 
2.00E+00,6.66E-01,3.00E+01,2423 
2.00E+00,6.23E-01,3.00E+01,2428 
2.00E+00,7.25E-01,3.00E+01,2432 
2.00E+00,9.49E-01,3.00E+01,2433 
2.00E+00,6.39E-01,3.00E+01,2436 
2.00E+00,6.75E-01,3.00E+01,2441 
2.00E+00,5.95E-01,3.00E+01,2446 
2.00E+00,8.73E-01,6.00E+01,2462 
2.00E+00,5.47E-01,3.00E+01,2467 
2.00E+00,8.98E-01,3.00E+01,2488 
2.00E+00,6.82E-01,6.00E+01,2490 
2.00E+00,5.51E-01,3.00E+01,2505 
2.00E+00,7.84E-01,3.00E+01,2522 
2.00E+00,7.70E-01,3.00E+01,2541 
2.00E+00,8.45E-01,6.00E+01,2551 
2.00E+00,4.40E-01,6.00E+01,2552 
2.00E+00,8.14E-01,3.00E+01,2560 
2.00E+00,6.40E-01,6.00E+01,2576 
2.00E+00,9.02E-01,3.00E+01,2577 
2.00E+00,7.16E-01,3.00E+01,2594 
2.00E+00,5.33E-01,3.00E+01,2601 
2.00E+00,8.74E-01,3.00E+01,2602 
2.00E+00,6.45E-01,3.00E+01,2615 
2.00E+00,7.62E-01,3.00E+01,2617 
2.00E+00,7.88E-01,3.00E+01,2629 
2.00E+00,8.86E-01,3.00E+01,2630 
2.00E+00,7.85E-01,5.98E+01,2631 
2.00E+00,8.70E-01,3.00E+01,2632 
2.00E+00,7.56E-01,6.00E+01,2634 
2.00E+00,7.72E-01,6.00E+01,2636 
2.00E+00,8.36E-01,3.00E+01,2650 
2.00E+00,6.84E-01,3.00E+01,2654 
2.00E+00,6.21E-01,3.00E+01,2658 
2.00E+00,6.45E-01,3.00E+01,2676 
2.00E+00,4.62E-01,3.00E+01,2680 
2.00E+00,8.49E-01,3.00E+01,2683 
2.00E+00,9.40E-01,3.00E+01,2685 
2.00E+00,6.77E-01,6.00E+01,2687 
2.00E+00,7.06E-01,3.00E+01,2690 
2.00E+00,5.95E-01,6.00E+01,2696 
2.00E+00,9.91E-01,3.00E+01,2697 
2.00E+00,5.40E-01,3.00E+01,2699 
2.00E+00,8.23E-01,3.00E+01,2701 
2.00E+00,9.08E-01,3.00E+01,2704 
2.00E+00,8.43E-01,6.00E+01,2705 
2.00E+00,8.22E-01,3.00E+01,2708 
2.00E+00,7.15E-01,3.00E+01,2709 
2.00E+00,7.87E-01,1.77E+01,2719 
2.00E+00,7.05E-01,6.00E+01,2724 
2.00E+00,6.69E-01,3.00E+01,2734 
2.00E+00,7.18E-01,3.00E+01,2747 
2.00E+00,9.85E-01,3.00E+01,2748 
2.00E+00,6.70E-01,3.00E+01,2771 
2.00E+00,4.97E-01,3.00E+01,2775 
2.00E+00,9.72E-01,5.95E+01,2780 
2.00E+00,8.37E-01,6.00E+01,2787 
2.00E+00,6.13E-01,6.00E+01,2791 
2.00E+00,5.85E-01,3.00E+01,2792 
2.00E+00,9.58E-01,3.00E+01,2798 
2.00E+00,9.50E-01,6.00E+01,2801 
2.00E+00,5.47E-01,3.00E+01,2802 
2.00E+00,6.13E-01,3.00E+01,2804 
2.00E+00,5.39E-01,3.00E+01,2806 
2.00E+00,5.60E-01,6.00E+01,2810 
2.00E+00,8.81E-01,3.00E+01,2818 
2.00E+00,9.03E-01,6.04E+01,2826 
2.00E+00,7.79E-01,3.00E+01,2827 
2.00E+00,8.15E-01,3.00E+01,2828 
2.00E+00,8.17E-01,3.00E+01,2830 
2.00E+00,7.77E-01,3.00E+01,2834 
2.00E+00,7.48E-01,3.00E+01,2835 
2.00E+00,7.50E-01,3.00E+01,2840 
2.00E+00,5.66E-01,3.00E+01,2841 
2.00E+00,6.57E-01,6.00E+01,2844 
2.00E+00,7.91E-01,2.79E+01,2852 
2.00E+00,8.50E-01,3.00E+01,2854 
2.00E+00,5.23E-01,3.00E+01,2859 
2.00E+00,7.25E-01,6.00E+01,2867 
2.00E+00,9.45E-01,3.00E+01,2870 
2.00E+00,6.58E-01,3.00E+01,2881 
2.00E+00,9.50E-01,6.00E+01,2883 
2.00E+00,6.61E-01,6.00E+01,2889 
2.00E+00,8.06E-01,3.00E+01,2911 
2.00E+00,8.84E-01,3.00E+01,2912 
2.00E+00,8.92E-01,6.00E+01,2915 
2.00E+00,5.62E-01,3.00E+01,2932 
2.00E+00,7.02E-01,6.00E+01,2934 
2.00E+00,7.87E-01,3.00E+01,2948 
2.00E+00,7.39E-01,3.00E+01,2974 
2.00E+00,6.45E-01,3.00E+01,2976 
2.00E+00,7.01E-01,3.00E+01,2980 
2.00E+00,5.16E-01,3.00E+01,2984 
2.00E+00,5.49E-01,3.00E+01,2988 
2.00E+00,5.48E-01,3.00E+01,2993 
2.00E+00,6.63E-01,3.00E+01,2995 
2.00E+00,7.53E-01,3.00E+01,2999 
2.00E+00,6.68E-01,3.00E+01,3001 
2.00E+00,8.26E-01,3.00E+01,3005 
2.00E+00,5.23E-01,6.00E+01,3006 
2.00E+00,3.94E-01,3.00E+01,3010 
2.00E+00,9.50E-01,3.00E+01,3015 
2.00E+00,6.79E-01,3.00E+01,3016 
2.00E+00,7.73E-01,6.00E+01,3021 
2.00E+00,4.66E-01,3.00E+01,3026 
2.00E+00,5.48E-01,3.00E+01,3047 
2.00E+00,9.16E-01,3.00E+01,3064 
2.00E+00,6.75E-01,3.00E+01,3076 
2.00E+00,5.80E-01,6.00E+01,3079 
2.00E+00,7.18E-01,3.00E+01,3082 
2.00E+00,9.77E-01,2.82E+01,3083 
2.00E+00,6.78E-01,3.00E+01,3087 
2.00E+00,5.18E-01,2.45E+01,3090 
2.00E+00,7.20E-01,3.00E+01,3110 
2.00E+00,8.43E-01,3.00E+01,3112 
2.00E+00,8.06E-01,3.00E+01,3116 
2.00E+00,6.20E-01,3.00E+01,3127 
2.00E+00,5.89E-01,3.00E+01,3137 
2.00E+00,5.66E-01,3.00E+01,3142 
2.00E+00,9.59E-01,3.00E+01,3148 
2.00E+00,5.59E-01,3.00E+01,3156 
2.00E+00,8.02E-01,6.00E+01,3181 
2.00E+00,6.86E-01,3.00E+01,3210 
2.00E+00,7.15E-01,6.00E+01,3216 
2.00E+00,7.40E-01,3.00E+01,3220 
2.00E+00,3.52E-01,3.00E+01,3225 
2.00E+00,8.96E-01,6.00E+01,3228 
2.00E+00,9.37E-01,3.00E+01,3229 
2.00E+00,7.73E-01,6.00E+01,3233 
2.00E+00,6.76E-01,3.00E+01,3245 
2.00E+00,7.19E-01,3.00E+01,3251 
2.00E+00,8.52E-01,3.00E+01,3254 
2.00E+00,7.79E-01,6.00E+01,3258 
2.00E+00,8.14E-01,3.00E+01,3262 
2.00E+00,7.82E-01,3.00E+01,3266 
2.00E+00,6.56E-01,3.00E+01,3271 
2.00E+00,8.60E-01,3.00E+01,3278 
2.00E+00,6.96E-01,3.00E+01,3283 
2.00E+00,9.08E-01,3.00E+01,3287 
2.00E+00,8.43E-01,6.00E+01,3290 
2.00E+00,8.94E-01,3.00E+01,3294 
2.00E+00,9.39E-01,3.00E+01,3308 
2.00E+00,9.00E-01,3.00E+01,3309 
2.00E+00,7.01E-01,3.00E+01,3316 
2.00E+00,7.33E-01,3.00E+01,3324 
2.00E+00,5.12E-01,6.00E+01,3329 
2.00E+00,7.00E-01,3.00E+01,3330 
2.00E+00,8.31E-01,3.00E+01,3333 
2.00E+00,5.08E-01,1.52E+01,3339 
2.00E+00,4.51E-01,3.00E+01,3341 
2.00E+00,6.75E-01,3.00E+01,3354 
2.00E+00,9.34E-01,3.00E+01,3368 
2.00E+00,9.33E-01,3.00E+01,3370 
2.00E+00,9.07E-01,4.17E+01,3373 
2.00E+00,8.07E-01,3.00E+01,3374 
2.00E+00,6.55E-01,3.00E+01,3392 
2.00E+00,7.53E-01,3.00E+01,3410 
2.00E+00,8.01E-01,6.00E+01,3417 
2.00E+00,8.47E-01,3.00E+01,3424 
2.00E+00,7.23E-01,6.00E+01,3427 
2.00E+00,9.18E-01,6.00E+01,3436 
2.00E+00,7.42E-01,3.00E+01,3439 
2.00E+00,7.77E-01,3.00E+01,3461 
2.00E+00,9.30E-01,3.00E+01,3463 
2.00E+00,6.80E-01,3.00E+01,3464 
2.00E+00,5.28E-01,3.00E+01,3474 
2.00E+00,7.34E-01,3.00E+01,3493 
2.00E+00,5.04E-01,4.12E+01,3496 
2.00E+00,9.37E-01,3.00E+01,3500 
2.00E+00,8.43E-01,6.00E+01,3506 
2.00E+00,9.33E-01,3.00E+01,3513 
2.00E+00,7.35E-01,3.00E+01,3514 
2.00E+00,8.40E-01,3.00E+01,3516 
2.00E+00,9.15E-01,3.00E+01,3517 
2.00E+00,8.06E-01,3.00E+01,3521 
2.00E+00,8.37E-01,3.00E+01,3537 
2.00E+00,8.55E-01,3.00E+01,3539 
2.00E+00,6.78E-01,3.00E+01,3540 
2.00E+00,6.05E-01,3.00E+01,3546 
2.00E+00,7.29E-01,6.00E+01,3556 
2.00E+00,8.34E-01,3.00E+01,3575 
2.00E+00,8.49E-01,3.00E+01,3577 
2.00E+00,6.47E-01,6.00E+01,3578 
2.00E+00,7.76E-01,3.00E+01,3583 
2.00E+00,8.39E-01,3.00E+01,3591 
2.00E+00,6.33E-01,3.00E+01,3597 
2.00E+00,8.09E-01,6.00E+01,3601 
2.00E+00,6.99E-01,3.00E+01,3609 
2.00E+00,8.65E-01,3.00E+01,3612 
2.00E+00,8.33E-01,6.00E+01,3615 
2.00E+00,7.40E-01,3.00E+01,3616 
2.00E+00,8.47E-01,3.00E+01,3619 
2.00E+00,8.54E-01,3.00E+01,3621 
2.00E+00,8.79E-01,3.00E+01,3624 
2.00E+00,8.60E-01,3.00E+01,3630 
2.00E+00,5.31E-01,6.00E+01,3640 
2.00E+00,7.23E-01,3.00E+01,3643 
2.00E+00,7.21E-01,3.00E+01,3653 
2.00E+00,8.81E-01,6.00E+01,3661 
2.00E+00,7.22E-01,3.00E+01,3664 
2.00E+00,6.54E-01,3.00E+01,3667 
2.00E+00,7.04E-01,3.00E+01,3669 
2.00E+00,9.96E-01,3.00E+01,3683 
2.00E+00,7.78E-01,3.00E+01,3687 
2.00E+00,9.01E-01,6.00E+01,3696 
2.00E+00,7.94E-01,3.00E+01,3701 
2.00E+00,5.14E-01,6.00E+01,3708 
2.00E+00,5.67E-01,3.00E+01,3717 
2.00E+00,5.99E-01,3.00E+01,3721 
2.00E+00,8.20E-01,3.00E+01,3724 
2.00E+00,4.62E-01,3.00E+01,3725 
2.00E+00,9.02E-01,6.00E+01,3730 
2.00E+00,7.39E-01,3.00E+01,3736 
2.00E+00,7.08E-01,3.00E+01,3742 
2.00E+00,8.56E-01,6.00E+01,3752 
2.00E+00,7.90E-01,6.00E+01,3756 
2.00E+00,5.82E-01,3.00E+01,3763 
2.00E+00,7.11E-01,3.00E+01,3766 
2.00E+00,6.10E-01,3.00E+01,3771 
2.00E+00,8.10E-01,3.00E+01,3773 
2.00E+00,8.16E-01,3.00E+01,3775 
2.00E+00,3.78E-01,1.49E+01,3781 
2.00E+00,7.17E-01,3.00E+01,3789 
2.00E+00,6.85E-01,3.00E+01,3793 
2.00E+00,8.13E-01,3.00E+01,3802 
2.00E+00,7.13E-01,6.00E+01,3805 
2.00E+00,5.84E-01,3.00E+01,3807 
2.00E+00,7.08E-01,3.00E+01,3808 
2.00E+00,8.70E-01,3.00E+01,3817 
2.00E+00,8.21E-01,3.00E+01,3820 
2.00E+00,6.78E-01,3.00E+01,3822 
2.00E+00,7.87E-01,3.00E+01,3826 
2.00E+00,7.55E-01,6.00E+01,3831 
2.00E+00,4.61E-01,1.69E+01,3847 
2.00E+00,9.58E-01,3.00E+01,3849 
2.00E+00,7.10E-01,3.00E+01,3851 
2.00E+00,6.88E-01,3.00E+01,3869 
2.00E+00,9.52E-01,3.00E+01,3879 
2.00E+00,9.57E-01,6.00E+01,3890 
2.00E+00,7.28E-01,6.00E+01,3904 
2.00E+00,6.44E-01,3.00E+01,3919 
2.00E+00,5.10E-01,3.00E+01,3920 
2.00E+00,9.25E-01,3.00E+01,3924 
2.00E+00,7.33E-01,3.00E+01,3931 
2.00E+00,7.39E-01,3.00E+01,3938 
2.00E+00,6.82E-01,3.00E+01,3944 
2.00E+00,5.41E-01,3.00E+01,3959 
2.00E+00,9.47E-01,3.00E+01,3969 
2.00E+00,7.28E-01,6.00E+01,3976 
2.00E+00,3.82E-01,3.00E+01,3977 
2.00E+00,6.31E-01,2.36E+01,3994 
2.00E+00,8.72E-01,3.00E+01,4001 
2.00E+00,7.57E-01,3.00E+01,4002 
2.00E+00,9.36E-01,3.00E+01,4005 
2.00E+00,8.14E-01,3.00E+01,4013 
2.00E+00,6.70E-01,2.84E+01,4014 
2.00E+00,6.84E-01,3.00E+01,4018 
2.00E+00,8.23E-01,3.00E+01,4021 
2.00E+00,5.95E-01,3.00E+01,4031 
2.00E+00,9.48E-01,3.00E+01,4038 
2.00E+00,4.92E-01,3.00E+01,4047 
2.00E+00,8.35E-01,3.00E+01,4049 
2.00E+00,8.51E-01,3.00E+01,4052 
2.00E+00,7.78E-01,3.00E+01,4055 
2.00E+00,8.27E-01,3.00E+01,4057 
2.00E+00,4.00E-01,3.00E+01,4062 
2.00E+00,7.65E-01,3.00E+01,4063 
2.00E+00,5.35E-01,2.09E+01,4078 
2.00E+00,7.56E-01,5.65E+01,4081 
2.00E+00,7.34E-01,6.00E+01,4096 
2.00E+00,6.59E-01,3.00E+01,4098 
2.00E+00,7.09E-01,3.00E+01,4103 
2.00E+00,7.05E-01,3.00E+01,4108 
2.00E+00,8.74E-01,4.72E+01,4109 
2.00E+00,6.65E-01,3.00E+01,4113 
2.00E+00,5.77E-01,3.00E+01,4129 
2.00E+00,8.59E-01,2.55E+01,4135 
2.00E+00,7.06E-01,3.00E+01,4150 
2.00E+00,8.71E-01,3.00E+01,4173 
2.00E+00,6.07E-01,3.00E+01,4175 
2.00E+00,4.20E-01,3.00E+01,4176 
2.00E+00,5.42E-01,3.00E+01,4184 
2.00E+00,8.11E-01,3.00E+01,4185 
2.00E+00,9.03E-01,3.00E+01,4195 
2.00E+00,6.87E-01,3.00E+01,4198 
2.00E+00,7.31E-01,3.00E+01,4209 
2.00E+00,8.21E-01,3.00E+01,4214 
2.00E+00,7.02E-01,3.00E+01,4215 
2.00E+00,4.34E-01,3.00E+01,4222 
2.00E+00,6.39E-01,3.00E+01,4227 
2.00E+00,8.97E-01,3.00E+01,4228 
2.00E+00,6.01E-01,6.00E+01,4232 
2.00E+00,7.95E-01,3.00E+01,4238 
2.00E+00,9.03E-01,3.00E+01,4240 
2.00E+00,7.51E-01,3.00E+01,4242 
2.00E+00,7.64E-01,3.00E+01,4249 
2.00E+00,5.23E-01,6.00E+01,4250 
2.00E+00,5.28E-01,4.66E+01,4252 
2.00E+00,6.68E-01,3.00E+01,4261 
2.00E+00,8.98E-01,3.00E+01,4268 
2.00E+00,9.57E-01,3.00E+01,4271 
2.00E+00,4.65E-01,3.00E+01,4279 
2.00E+00,8.78E-01,3.76E+01,4284 
2.00E+00,8.36E-01,3.00E+01,4288 
2.00E+00,4.48E-01,3.00E+01,4293 
2.00E+00,4.60E-01,3.00E+01,4296 
2.00E+00,4.00E-01,2.56E+01,4308 
2.00E+00,8.33E-01,3.00E+01,4309 
2.00E+00,7.44E-01,3.00E+01,4315 
2.00E+00,7.08E-01,3.00E+01,4316 
2.00E+00,5.20E-01,3.00E+01,4318 
2.00E+00,8.11E-01,3.00E+01,4324 
2.00E+00,8.98E-01,3.00E+01,4331 
2.00E+00,7.19E-01,5.08E+01,4335 
2.00E+00,7.46E-01,3.00E+01,4345 
2.00E+00,7.30E-01,3.00E+01,4346 
2.00E+00,6.53E-01,3.00E+01,4356 
2.00E+00,4.28E-01,3.00E+01,4357 
2.00E+00,6.00E-01,3.00E+01,4360 
2.00E+00,4.34E-01,1.53E+01,4361 
2.00E+00,6.07E-01,3.00E+01,4362 
2.00E+00,6.64E-01,4.48E+01,4363 
2.00E+00,7.93E-01,6.00E+01,4365 
2.00E+00,7.32E-01,3.99E+01,4370 
2.00E+00,8.67E-01,6.00E+01,4374 
2.00E+00,4.80E-01,2.05E+01,4386 
2.00E+00,5.37E-01,3.00E+01,4387 
2.00E+00,5.75E-01,6.00E+01,4400 
2.00E+00,6.60E-01,3.00E+01,4407 
2.00E+00,7.72E-01,3.00E+01,4414 
2.00E+00,7.39E-01,3.00E+01,4415 
2.00E+00,8.14E-01,6.00E+01,4417 
2.00E+00,7.63E-01,3.00E+01,4421 
2.00E+00,8.92E-01,3.00E+01,4428 
2.00E+00,7.77E-01,6.00E+01,4429 
2.00E+00,8.83E-01,3.00E+01,4433 
2.00E+00,8.42E-01,3.00E+01,4440 
2.00E+00,8.47E-01,3.00E+01,4441 
2.00E+00,7.87E-01,3.00E+01,4443 
2.00E+00,6.54E-01,3.00E+01,4451 
2.00E+00,8.35E-01,3.00E+01,4466 
2.00E+00,7.61E-01,3.00E+01,4470 
2.00E+00,6.17E-01,3.00E+01,4471 
2.00E+00,5.36E-01,6.00E+01,4476 
2.00E+00,6.63E-01,3.00E+01,4491 
2.00E+00,6.06E-01,3.00E+01,4494 
2.00E+00,8.68E-01,6.00E+01,4496 
2.00E+00,8.92E-01,3.00E+01,4509 
2.00E+00,7.72E-01,3.00E+01,4512 
2.00E+00,8.78E-01,3.00E+01,4514 
2.00E+00,8.37E-01,3.00E+01,4519 
2.00E+00,5.04E-01,3.00E+01,4521 
2.00E+00,6.39E-01,2.28E+01,4524 
2.00E+00,8.24E-01,3.00E+01,4527 
2.00E+00,5.77E-01,3.00E+01,4529 
2.00E+00,8.72E-01,4.81E+01,4531 
2.00E+00,6.65E-01,3.00E+01,4539 
2.00E+00,7.13E-01,3.00E+01,4541 
2.00E+00,5.10E-01,6.00E+01,4544 
2.00E+00,6.45E-01,3.00E+01,4545 
2.00E+00,7.48E-01,3.00E+01,4550 
2.00E+00,9.62E-01,4.75E+01,4557 
2.00E+00,6.98E-01,3.00E+01,4566 
2.00E+00,5.53E-01,3.00E+01,4569 
2.00E+00,8.90E-01,6.00E+01,4571 
2.00E+00,4.85E-01,3.00E+01,4574 
2.00E+00,5.36E-01,3.00E+01,4575 
2.00E+00,9.20E-01,3.00E+01,4576 
2.00E+00,5.39E-01,6.00E+01,4586 
2.00E+00,8.49E-01,6.00E+01,4588 
2.00E+00,4.86E-01,2.73E+01,4621 
2.00E+00,7.44E-01,6.00E+01,4635 
2.00E+00,5.39E-01,6.00E+01,4652 
2.00E+00,6.39E-01,3.00E+01,4653 
2.00E+00,7.14E-01,3.00E+01,4661 
2.00E+00,7.16E-01,6.00E+01,4674 
2.00E+00,8.09E-01,3.00E+01,4678 
2.00E+00,5.32E-01,6.00E+01,4682 
2.00E+00,9.47E-01,3.00E+01,4715 
2.00E+00,8.55E-01,3.00E+01,4719 
2.00E+00,6.16E-01,6.00E+01,4722 
2.00E+00,9.10E-01,3.00E+01,4723 
2.00E+00,5.62E-01,6.00E+01,4729 
2.00E+00,5.74E-01,3.00E+01,4732 
2.00E+00,5.32E-01,3.00E+01,4738 
2.00E+00,8.49E-01,3.00E+01,4741 
2.00E+00,6.93E-01,3.00E+01,4745 
2.00E+00,9.85E-01,3.00E+01,4750 
2.00E+00,9.25E-01,3.00E+01,4753 
2.00E+00,7.88E-01,3.00E+01,4763 
2.00E+00,9.36E-01,3.00E+01,4780 
2.00E+00,7.67E-01,3.00E+01,4783 
2.00E+00,4.91E-01,3.00E+01,4803 
2.00E+00,7.76E-01,3.00E+01,4820 
2.00E+00,8.25E-01,3.00E+01,4828 
2.00E+00,7.09E-01,3.00E+01,4829 
2.00E+00,7.05E-01,2.84E+01,4830 
2.00E+00,7.15E-01,3.00E+01,4832 
2.00E+00,9.61E-01,3.00E+01,4838 
2.00E+00,7.21E-01,3.00E+01,4840 
2.00E+00,6.81E-01,3.00E+01,4844 
2.00E+00,9.10E-01,3.00E+01,4846 
2.00E+00,7.06E-01,3.00E+01,4858 
2.00E+00,7.46E-01,3.00E+01,4862 
2.00E+00,7.74E-01,3.00E+01,4863 
2.00E+00,7.78E-01,3.00E+01,4867 
2.00E+00,7.91E-01,3.00E+01,4872 
2.00E+00,6.75E-01,6.00E+01,4875 
2.00E+00,8.70E-01,3.00E+01,4877 
2.00E+00,6.97E-01,3.00E+01,4889 
2.00E+00,8.77E-01,6.00E+01,4892 
2.00E+00,8.20E-01,3.00E+01,4904 
2.00E+00,7.36E-01,3.00E+01,4914 
2.00E+00,5.06E-01,6.00E+01,4915 
2.00E+00,7.75E-01,6.00E+01,4931 
2.00E+00,8.05E-01,3.00E+01,4933 
2.00E+00,7.11E-01,3.00E+01,4939 
2.00E+00,8.72E-01,3.00E+01,4951 
2.00E+00,7.44E-01,3.00E+01,4955 
2.00E+00,9.82E-01,3.00E+01,4960 
2.00E+00,6.61E-01,3.00E+01,4962 
2.00E+00,4.74E-01,3.00E+01,4970 
2.00E+00,9.39E-01,3.00E+01,4971 
2.00E+00,8.46E-01,3.00E+01,4973 
2.00E+00,5.92E-01,3.00E+01,4976 
2.00E+00,7.59E-01,3.00E+01,4977 
2.00E+00,5.93E-01,3.00E+01,4981 
2.00E+00,5.05E-01,3.00E+01,4982 
2.00E+00,5.88E-01,3.00E+01,4986 
2.00E+00,5.33E-01,3.00E+01,4998 
2.00E+00,7.62E-01,3.00E+01,4999 
2.00E+00,9.13E-01,6.00E+01,5004 
2.00E+00,7.86E-01,3.00E+01,5010 
2.00E+00,7.60E-01,3.00E+01,5012 
2.00E+00,4.63E-01,3.00E+01,5013 
2.00E+00,8.56E-01,3.00E+01,5015 
2.00E+00,9.89E-01,3.00E+01,5016 
2.00E+00,5.26E-01,3.00E+01,5017 
2.00E+00,7.87E-01,3.00E+01,5020 
2.00E+00,8.71E-01,3.00E+01,5026 
2.00E+00,9.37E-01,3.00E+01,5027 
2.00E+00,8.08E-01,3.00E+01,5030 
2.00E+00,5.55E-01,3.00E+01,5050 
2.00E+00,7.57E-01,3.00E+01,5054 
2.00E+00,6.08E-01,3.00E+01,5060 
2.00E+00,5.82E-01,3.00E+01,5064 
2.00E+00,8.58E-01,3.00E+01,5066 
2.00E+00,8.67E-01,3.00E+01,5067 
2.00E+00,6.23E-01,3.00E+01,5070 
2.00E+00,6.78E-01,3.00E+01,5072 
2.00E+00,4.52E-01,3.00E+01,5079 
2.00E+00,6.94E-01,3.00E+01,5086 
2.00E+00,8.00E-01,3.00E+01,5090 
2.00E+00,8.16E-01,3.00E+01,5096 
2.00E+00,8.26E-01,3.00E+01,5099 
2.00E+00,9.43E-01,3.00E+01,5108 
2.00E+00,7.23E-01,6.00E+01,5123 
2.00E+00,8.62E-01,3.00E+01,5132 
2.00E+00,8.01E-01,2.53E+01,5139 
2.00E+00,6.80E-01,3.00E+01,5144 
2.00E+00,6.83E-01,6.00E+01,5150 
2.00E+00,4.69E-01,3.00E+01,5153 
2.00E+00,7.91E-01,3.00E+01,5160 
2.00E+00,5.48E-01,3.00E+01,5166 
2.00E+00,9.52E-01,3.00E+01,5170 
2.00E+00,9.36E-01,3.00E+01,5171 
2.00E+00,5.33E-01,1.77E+01,5175 
2.00E+00,9.35E-01,3.00E+01,5176 
2.00E+00,7.99E-01,3.00E+01,5180 
2.00E+00,8.08E-01,3.00E+01,5181 
2.00E+00,8.99E-01,3.00E+01,5197 
2.00E+00,4.24E-01,3.00E+01,5201 
2.00E+00,9.34E-01,3.00E+01,5208 
2.00E+00,5.06E-01,3.00E+01,5213 
2.00E+00,8.37E-01,3.00E+01,5214 
2.00E+00,5.21E-01,3.00E+01,5216 
2.00E+00,9.80E-01,3.00E+01,5217 
2.00E+00,8.12E-01,3.00E+01,5220 
2.00E+00,9.22E-01,3.00E+01,5224 
2.00E+00,7.77E-01,3.00E+01,5232 
2.00E+00,6.00E-01,3.00E+01,5234 
2.00E+00,8.45E-01,6.00E+01,5242 
2.00E+00,6.66E-01,3.00E+01,5243 
2.00E+00,7.92E-01,3.00E+01,5244 
2.00E+00,6.76E-01,3.00E+01,5252 
2.00E+00,5.70E-01,3.00E+01,5269 
2.00E+00,6.69E-01,6.00E+01,5276 
2.00E+00,7.65E-01,2.41E+01,5277 
2.00E+00,6.76E-01,6.00E+01,5282 
2.00E+00,8.24E-01,3.00E+01,5285 
2.00E+00,5.03E-01,3.00E+01,5297 
2.00E+00,5.24E-01,3.00E+01,5300 
2.00E+00,5.52E-01,3.00E+01,5301 
2.00E+00,7.86E-01,3.00E+01,5302 
2.00E+00,9.19E-01,3.00E+01,5308 
2.00E+00,6.88E-01,6.00E+01,5309 
2.00E+00,9.52E-01,3.00E+01,5310 
2.00E+00,6.98E-01,3.00E+01,5311 
2.00E+00,7.47E-01,3.00E+01,5312 
2.00E+00,8.04E-01,3.00E+01,5316 
2.00E+00,4.35E-01,3.00E+01,5319 
2.00E+00,6.60E-01,3.00E+01,5332 
2.00E+00,7.55E-01,3.00E+01,5336 
2.00E+00,8.21E-01,3.00E+01,5343 
2.00E+00,6.08E-01,3.00E+01,5356 
2.00E+00,5.01E-01,1.35E+01,5364 
2.00E+00,5.93E-01,6.00E+01,5373 
2.00E+00,8.88E-01,3.00E+01,5379 
2.00E+00,7.74E-01,3.00E+01,5381 
2.00E+00,8.78E-01,3.00E+01,5383 
2.00E+00,5.99E-01,3.00E+01,5398 
2.00E+00,7.75E-01,3.00E+01,5401 
2.00E+00,7.95E-01,2.60E+01,5415 
2.00E+00,7.13E-01,6.00E+01,5425 
2.00E+00,6.34E-01,3.00E+01,5434 
2.00E+00,5.31E-01,3.00E+01,5435 
2.00E+00,6.98E-01,3.00E+01,5437 
2.00E+00,9.74E-01,3.00E+01,5442 
2.00E+00,6.78E-01,6.05E+01,5443 
2.00E+00,9.39E-01,3.00E+01,5444 
2.00E+00,7.72E-01,3.00E+01,5454 
2.00E+00,4.10E-01,1.73E+01,5462 
2.00E+00,4.61E-01,3.00E+01,5464 
2.00E+00,8.87E-01,6.00E+01,5471 
2.00E+00,8.83E-01,3.00E+01,5481 
2.00E+00,5.97E-01,3.00E+01,5483 
2.00E+00,6.94E-01,6.00E+01,5489 
2.00E+00,8.79E-01,3.00E+01,5492 
2.00E+00,4.57E-01,3.00E+01,5494 
2.00E+00,6.91E-01,3.00E+01,5502 
2.00E+00,5.82E-01,3.00E+01,5509 
2.00E+00,4.87E-01,3.00E+01,5514 
2.00E+00,6.84E-01,3.00E+01,5520 
2.00E+00,8.61E-01,3.00E+01,5523 
2.00E+00,7.32E-01,3.00E+01,5528 
2.00E+00,7.16E-01,3.00E+01,5539 
2.00E+00,8.28E-01,3.00E+01,5540 
2.00E+00,9.86E-01,3.00E+01,5542 
2.00E+00,8.41E-01,6.00E+01,5551 
2.00E+00,8.51E-01,3.00E+01,5556 
2.00E+00,9.50E-01,6.00E+01,5557 
2.00E+00,6.56E-01,6.00E+01,5558 
2.00E+00,5.96E-01,3.00E+01,5568 
2.00E+00,4.70E-01,4.56E+01,5597 
2.00E+00,8.82E-01,3.45E+01,5603 
2.00E+00,6.67E-01,3.00E+01,5609 
2.00E+00,9.06E-01,3.66E+01,5614 
2.00E+00,7.63E-01,4.53E+01,5618 
2.00E+00,6.88E-01,3.27E+01,5619 
2.00E+00,8.07E-01,3.00E+01,5627 
2.00E+00,8.73E-01,6.03E+01,5628 
2.00E+00,8.71E-01,4.24E+01,5632 
2.00E+00,9.31E-01,4.25E+01,5637 
2.00E+00,8.71E-01,3.57E+01,5640 
2.00E+00,8.24E-01,4.67E+01,5644 
2.00E+00,8.29E-01,3.23E+01,5653 
2.00E+00,9.48E-01,3.19E+01,5654 
2.00E+00,6.28E-01,3.45E+01,5655 
2.00E+00,4.42E-01,3.03E+01,5659 
2.00E+00,7.51E-01,3.41E+01,5665 
2.00E+00,4.40E-01,2.36E+01,5668 
2.00E+00,8.49E-01,3.00E+01,5674 
2.00E+00,8.57E-01,6.06E+01,5679 
2.00E+00,5.01E-01,3.00E+01,5680 
2.00E+00,9.09E-01,3.26E+01,5683 
2.00E+00,9.18E-01,3.73E+01,5689 
2.00E+00,8.95E-01,3.27E+01,5693 
2.00E+00,7.99E-01,3.00E+01,5696 
2.00E+00,5.97E-01,3.00E+01,5707 
2.00E+00,8.61E-01,3.24E+01,5720 
2.00E+00,8.07E-01,4.11E+01,5730 
2.00E+00,5.17E-01,3.00E+01,5732 
2.00E+00,9.01E-01,5.40E+01,5734 
2.00E+00,8.88E-01,3.46E+01,5735 
2.00E+00,7.49E-01,3.30E+01,5741 
2.00E+00,6.45E-01,3.45E+01,5746 
2.00E+00,5.62E-01,3.32E+01,5749 
2.00E+00,9.20E-01,3.00E+01,5750 
2.00E+00,7.79E-01,3.65E+01,5758 
2.00E+00,9.84E-01,4.36E+01,5760 
2.00E+00,8.75E-01,3.09E+01,5764 
2.00E+00,7.87E-01,3.25E+01,5774 
2.00E+00,8.20E-01,3.01E+01,5776 
2.00E+00,8.12E-01,3.35E+01,5778 
2.00E+00,9.45E-01,3.26E+01,5782 
2.00E+00,6.10E-01,3.62E+01,5788 
2.00E+00,6.05E-01,3.00E+01,5798 
2.00E+00,6.41E-01,3.32E+01,5801 
2.00E+00,5.25E-01,3.37E+01,5804 
2.00E+00,5.46E-01,3.34E+01,5807 
2.00E+00,5.98E-01,6.04E+01,5818 
2.00E+00,8.90E-01,4.88E+01,5819 
2.00E+00,5.10E-01,3.00E+01,5823 
2.00E+00,9.53E-01,3.00E+01,5829 
2.00E+00,6.33E-01,5.11E+01,5831 
2.00E+00,9.66E-01,3.00E+01,5838 
2.00E+00,9.84E-01,3.35E+01,5840 
2.00E+00,6.73E-01,3.00E+01,5841 
2.00E+00,7.84E-01,3.93E+01,5842 
2.00E+00,6.04E-01,3.50E+01,5845 
2.00E+00,4.92E-01,1.68E+01,5846 
2.00E+00,3.98E-01,3.00E+01,5857 
2.00E+00,7.91E-01,5.91E+01,5867 
2.00E+00,7.37E-01,3.36E+01,5871 
2.00E+00,5.35E-01,3.00E+01,5901 
2.00E+00,8.15E-01,3.00E+01,5902 
2.00E+00,5.21E-01,4.15E+01,5907 
2.00E+00,3.74E-01,2.78E+01,5911 
2.00E+00,5.92E-01,4.04E+01,5913 
2.00E+00,7.91E-01,3.80E+01,5916 
2.00E+00,5.94E-01,3.37E+01,5921 
2.00E+00,5.06E-01,3.67E+01,5922 
2.00E+00,8.28E-01,4.56E+01,5925 
2.00E+00,6.66E-01,3.00E+01,5927 
2.00E+00,7.93E-01,4.07E+01,5942 
2.00E+00,8.95E-01,3.36E+01,5946 
2.00E+00,7.43E-01,4.81E+01,5954 
2.00E+00,7.03E-01,3.40E+01,5962 
2.00E+00,8.80E-01,3.00E+01,5965 
2.00E+00,7.59E-01,3.00E+01,5966 
2.00E+00,6.04E-01,3.00E+01,5969 
2.00E+00,4.95E-01,4.25E+01,5970 
2.00E+00,5.97E-01,3.00E+01,5973 
2.00E+00,8.87E-01,3.00E+01,5974 
2.00E+00,6.66E-01,3.00E+01,5978 
2.00E+00,6.97E-01,3.00E+01,5981 
2.00E+00,4.93E-01,3.00E+01,5983 
2.00E+00,5.46E-01,3.34E+01,5986 
2.00E+00,6.70E-01,3.00E+01,5996 
2.00E+00,9.03E-01,3.91E+01,5997 
2.00E+00,8.55E-01,4.37E+01,6003 
2.00E+00,5.11E-01,5.09E+01,6004 
2.00E+00,9.64E-01,3.00E+01,6005 
2.00E+00,7.13E-01,3.36E+01,6008 
2.00E+00,7.24E-01,4.08E+01,6012 
2.00E+00,7.67E-01,3.00E+01,6020 
2.00E+00,8.04E-01,5.30E+01,6033 
2.00E+00,5.94E-01,1.79E+01,6040 
2.00E+00,9.60E-01,4.17E+01,6042 
2.00E+00,5.30E-01,3.68E+01,6050 
2.00E+00,9.33E-01,3.79E+01,6054 
2.00E+00,6.52E-01,3.84E+01,6055 
2.00E+00,7.38E-01,3.55E+01,6067 
2.00E+00,7.54E-01,3.43E+01,6069 
2.00E+00,9.01E-01,3.00E+01,6071 
2.00E+00,8.72E-01,3.00E+01,6072 
2.00E+00,9.25E-01,3.37E+01,6073 
2.00E+00,5.96E-01,4.62E+01,6078 
2.00E+00,6.14E-01,3.00E+01,6089 
2.00E+00,5.08E-01,3.32E+01,6101 
2.00E+00,8.60E-01,3.27E+01,6110 
2.00E+00,7.90E-01,3.76E+01,6123 
2.00E+00,7.52E-01,3.39E+01,6126 
2.00E+00,8.21E-01,3.00E+01,6134 
2.00E+00,7.80E-01,3.00E+01,6135 
2.00E+00,7.68E-01,3.00E+01,6141 
2.00E+00,8.85E-01,3.00E+01,6158 
2.00E+00,8.60E-01,3.77E+01,6160 
2.00E+00,6.49E-01,3.64E+01,6169 
2.00E+00,5.32E-01,3.00E+01,6170 
2.00E+00,5.38E-01,3.50E+01,6176 
2.00E+00,9.15E-01,3.53E+01,6182 
2.00E+00,4.78E-01,3.60E+01,6190 
2.00E+00,8.71E-01,3.00E+01,6193 
2.00E+00,8.53E-01,3.46E+01,6195 
2.00E+00,6.86E-01,3.24E+01,6201 
2.00E+00,7.05E-01,5.79E+01,6202 
2.00E+00,8.64E-01,4.88E+01,6208 
2.00E+00,6.47E-01,3.37E+01,6210 
2.00E+00,7.72E-01,3.00E+01,6212 
2.00E+00,9.07E-01,5.75E+01,6222 
2.00E+00,8.72E-01,2.39E+01,6224 
2.00E+00,7.56E-01,3.14E+01,6226 
2.00E+00,5.82E-01,3.21E+01,6231 
2.00E+00,7.76E-01,3.00E+01,6236 
2.00E+00,7.95E-01,3.00E+01,6238 
2.00E+00,4.80E-01,5.73E+01,6239 
2.00E+00,8.79E-01,3.33E+01,6242 
2.00E+00,7.37E-01,3.28E+01,6246 
2.00E+00,9.20E-01,3.26E+01,6247 
2.00E+00,7.25E-01,6.06E+01,6253 
2.00E+00,7.98E-01,3.00E+01,6260 
2.00E+00,7.47E-01,3.56E+01,6266 
2.00E+00,8.62E-01,3.00E+01,6268 
2.00E+00,4.69E-01,3.00E+01,6272 
2.00E+00,7.25E-01,6.03E+01,6281 
2.00E+00,6.54E-01,3.00E+01,6287 
2.00E+00,4.61E-01,5.02E+01,6290 
2.00E+00,8.69E-01,3.32E+01,6298 
2.00E+00,6.65E-01,3.25E+01,6300 
2.00E+00,5.14E-01,5.67E+01,6307 
2.00E+00,8.64E-01,3.45E+01,6312 
2.00E+00,9.41E-01,3.00E+01,6318 
2.00E+00,4.92E-01,3.15E+01,6323 
2.00E+00,7.12E-01,4.67E+01,6325 
2.00E+00,6.28E-01,3.00E+01,6332 
2.00E+00,8.25E-01,3.46E+01,6335 
2.00E+00,7.85E-01,5.02E+01,6338 
2.00E+00,9.16E-01,3.39E+01,6339 
2.00E+00,6.05E-01,3.00E+01,6340 
2.00E+00,7.30E-01,3.00E+01,6347 
2.00E+00,6.47E-01,3.00E+01,6356 
2.00E+00,6.31E-01,3.00E+01,6357 
2.00E+00,7.13E-01,3.00E+01,6358 
2.00E+00,8.64E-01,3.00E+01,6369 
2.00E+00,7.88E-01,6.00E+01,6374 
2.00E+00,6.04E-01,5.77E+01,6386 
2.00E+00,6.06E-01,1.94E+01,6387 
2.00E+00,7.55E-01,6.00E+01,6388 
2.00E+00,7.40E-01,2.44E+01,6403 
2.00E+00,6.04E-01,6.00E+01,6416 
2.00E+00,6.44E-01,1.76E+01,6422 
2.00E+00,8.98E-01,3.00E+01,6430 
2.00E+00,7.67E-01,6.00E+01,6436 
2.00E+00,9.63E-01,3.00E+01,6440 
2.00E+00,7.36E-01,3.00E+01,6444 
2.00E+00,8.90E-01,3.00E+01,6451 
2.00E+00,5.25E-01,3.00E+01,6456 
2.00E+00,9.05E-01,3.00E+01,6460 
2.00E+00,5.48E-01,3.00E+01,6472 
2.00E+00,4.30E-01,6.00E+01,6477 
2.00E+00,6.77E-01,3.00E+01,6485 
2.00E+00,5.01E-01,3.00E+01,6489 
2.00E+00,8.11E-01,3.00E+01,6510 
2.00E+00,7.01E-01,2.22E+01,6513 
2.00E+00,8.36E-01,3.00E+01,6515 
2.00E+00,8.50E-01,3.00E+01,6516 
2.00E+00,8.37E-01,6.00E+01,6517 
2.00E+00,4.82E-01,3.00E+01,6527 
2.00E+00,9.36E-01,6.00E+01,6532 
2.00E+00,9.08E-01,3.00E+01,6533 
2.00E+00,5.72E-01,3.00E+01,6537 
2.00E+00,4.23E-01,3.00E+01,6548 
2.00E+00,9.84E-01,3.00E+01,6554 
2.00E+00,4.69E-01,3.00E+01,6556 
2.00E+00,4.51E-01,3.00E+01,6559 
2.00E+00,7.57E-01,3.00E+01,6562 
2.00E+00,6.52E-01,3.00E+01,6571 
2.00E+00,8.61E-01,6.00E+01,6584 
2.00E+00,8.56E-01,3.00E+01,6614 
2.00E+00,6.59E-01,3.00E+01,6629 
2.00E+00,7.69E-01,6.00E+01,6630 
2.00E+00,9.54E-01,3.00E+01,6633 
2.00E+00,8.72E-01,6.00E+01,6639 
2.00E+00,6.00E-01,3.00E+01,6642 
2.00E+00,6.82E-01,3.00E+01,6647 
2.00E+00,6.93E-01,3.00E+01,6658 
2.00E+00,7.20E-01,3.00E+01,6660 
2.00E+00,6.08E-01,3.00E+01,6661 
2.00E+00,7.76E-01,3.00E+01,6683 
2.00E+00,9.18E-01,3.01E+01,6685 
2.00E+00,5.30E-01,3.00E+01,6688 
2.00E+00,7.83E-01,3.00E+01,6693 
2.00E+00,6.58E-01,3.00E+01,6705 
2.00E+00,5.75E-01,3.00E+01,6715 
2.00E+00,7.65E-01,3.00E+01,6724 
2.00E+00,9.40E-01,3.00E+01,6727 
2.00E+00,6.58E-01,3.00E+01,6728 
2.00E+00,8.34E-01,3.00E+01,6737 
2.00E+00,4.83E-01,3.00E+01,6748 
2.00E+00,6.05E-01,3.00E+01,6757 
2.00E+00,5.20E-01,3.00E+01,6759 
2.00E+00,7.56E-01,3.00E+01,6760 
2.00E+00,6.75E-01,3.00E+01,6764 
2.00E+00,5.73E-01,3.00E+01,6772 
2.00E+00,6.64E-01,3.00E+01,6773 
2.00E+00,9.08E-01,3.00E+01,6789 
2.00E+00,9.07E-01,2.68E+01,6793 
2.00E+00,5.35E-01,6.00E+01,6794 
2.00E+00,9.60E-01,3.76E+01,6799 
2.00E+00,6.90E-01,3.00E+01,6801 
2.00E+00,9.58E-01,3.00E+01,6807 
2.00E+00,9.60E-01,3.00E+01,6808 
2.00E+00,8.08E-01,3.00E+01,6811 
2.00E+00,5.06E-01,3.00E+01,6816 
2.00E+00,8.02E-01,3.00E+01,6823 
2.00E+00,7.55E-01,3.00E+01,6834 
2.00E+00,5.15E-01,3.00E+01,6837 
2.00E+00,9.07E-01,3.00E+01,6845 
2.00E+00,7.00E-01,3.00E+01,6847 
2.00E+00,5.50E-01,6.00E+01,6850 
2.00E+00,7.49E-01,2.04E+01,6851 
2.00E+00,6.10E-01,3.00E+01,6866 
2.00E+00,9.41E-01,3.00E+01,6901 
2.00E+00,4.16E-01,3.00E+01,6904 
2.00E+00,9.18E-01,6.00E+01,6907 
2.00E+00,6.74E-01,3.00E+01,6914 
2.00E+00,7.53E-01,3.00E+01,6920 
2.00E+00,6.78E-01,6.00E+01,6953 
2.00E+00,7.86E-01,3.00E+01,6963 
2.00E+00,4.68E-01,3.00E+01,6966 
2.00E+00,6.01E-01,3.00E+01,6969 
2.00E+00,5.82E-01,3.00E+01,6971 
2.00E+00,9.01E-01,3.00E+01,6986 
2.00E+00,6.10E-01,3.00E+01,6987 
2.00E+00,9.70E-01,3.00E+01,6996 
2.00E+00,6.88E-01,3.00E+01,7005 
2.00E+00,7.58E-01,3.00E+01,7006 
2.00E+00,7.55E-01,3.00E+01,7014 
2.00E+00,9.84E-01,3.00E+01,7017 
2.00E+00,5.26E-01,6.00E+01,7018 
2.00E+00,7.27E-01,6.00E+01,7029 
2.00E+00,6.75E-01,3.00E+01,7030 
2.00E+00,6.26E-01,3.00E+01,7038 
2.00E+00,8.27E-01,6.00E+01,7046 
2.00E+00,9.02E-01,3.00E+01,7049 
2.00E+00,7.98E-01,3.00E+01,7066 
2.00E+00,7.38E-01,6.00E+01,7068 
2.00E+00,9.34E-01,3.00E+01,7071 
2.00E+00,6.66E-01,3.00E+01,7072 
2.00E+00,4.66E-01,3.00E+01,7073 
2.00E+00,7.13E-01,3.00E+01,7076 
2.00E+00,7.96E-01,3.00E+01,7083 
2.00E+00,9.40E-01,3.00E+01,7087 
2.00E+00,5.57E-01,3.00E+01,7091 
2.00E+00,4.53E-01,2.92E+01,7119 
2.00E+00,7.46E-01,3.00E+01,7135 
2.00E+00,8.72E-01,3.00E+01,7137 
2.00E+00,7.56E-01,6.00E+01,7144 
2.00E+00,6.44E-01,3.00E+01,7148 
2.00E+00,8.13E-01,4.80E+01,7155 
2.00E+00,8.94E-01,3.00E+01,7156 
2.00E+00,7.39E-01,3.00E+01,7157 
2.00E+00,9.70E-01,3.00E+01,7159 
2.00E+00,9.89E-01,3.00E+01,7162 
2.00E+00,7.66E-01,3.00E+01,7166 
2.00E+00,9.59E-01,3.00E+01,7171 
2.00E+00,8.40E-01,6.00E+01,7172 
2.00E+00,9.80E-01,3.00E+01,7177 
2.00E+00,9.26E-01,6.00E+01,7179 
2.00E+00,5.10E-01,3.00E+01,7185 
2.00E+00,5.79E-01,6.00E+01,7187 
2.00E+00,9.26E-01,3.00E+01,7194 
2.00E+00,8.14E-01,3.00E+01,7195 
2.00E+00,6.64E-01,6.00E+01,7202 
2.00E+00,5.34E-01,3.00E+01,7203 
2.00E+00,9.60E-01,3.00E+01,7208 
2.00E+00,5.70E-01,3.00E+01,7214 
2.00E+00,6.88E-01,3.00E+01,7217 
2.00E+00,4.66E-01,3.00E+01,7219 
2.00E+00,5.27E-01,3.00E+01,7229 
2.00E+00,7.05E-01,3.00E+01,7245 
2.00E+00,8.51E-01,3.00E+01,7247 
2.00E+00,6.10E-01,3.00E+01,7249 
2.00E+00,7.18E-01,6.00E+01,7251 
2.00E+00,8.52E-01,3.00E+01,7252 
2.00E+00,6.16E-01,3.00E+01,7261 
2.00E+00,8.33E-01,3.00E+01,7265 
2.00E+00,9.54E-01,3.00E+01,7271 
2.00E+00,6.80E-01,3.00E+01,7274 
2.00E+00,7.85E-01,3.00E+01,7280 
2.00E+00,8.02E-01,3.00E+01,7286 
2.00E+00,9.57E-01,3.00E+01,7290 
2.00E+00,4.56E-01,3.00E+01,7292 
2.00E+00,4.99E-01,6.00E+01,7302 
2.00E+00,6.97E-01,6.00E+01,7308 
2.00E+00,7.10E-01,3.00E+01,7338 
2.00E+00,5.06E-01,3.00E+01,7348 
2.00E+00,8.02E-01,3.00E+01,7355 
2.00E+00,9.06E-01,3.00E+01,7367 
2.00E+00,6.46E-01,6.00E+01,7387 
2.00E+00,5.47E-01,3.00E+01,7388 
2.00E+00,5.22E-01,3.00E+01,7405 
2.00E+00,8.67E-01,6.00E+01,7409 
2.00E+00,6.45E-01,3.00E+01,7417 
2.00E+00,8.80E-01,3.00E+01,7419 
2.00E+00,6.69E-01,3.00E+01,7429 
2.00E+00,9.57E-01,3.00E+01,7430 
2.00E+00,5.18E-01,3.00E+01,7440 
2.00E+00,7.35E-01,3.00E+01,7441 
2.00E+00,4.56E-01,6.00E+01,7445 
2.00E+00,8.96E-01,6.00E+01,7446 
2.00E+00,6.45E-01,3.00E+01,7465 
2.00E+00,7.50E-01,6.00E+01,7481 
2.00E+00,6.07E-01,3.00E+01,7484 
2.00E+00,6.67E-01,3.00E+01,7486 
2.00E+00,5.64E-01,6.00E+01,7492 
2.00E+00,8.50E-01,3.00E+01,7497 
2.00E+00,6.25E-01,6.00E+01,7500 
2.00E+00,8.45E-01,3.00E+01,7510 
2.00E+00,8.60E-01,3.00E+01,7517 
2.00E+00,8.44E-01,6.00E+01,7522 
2.00E+00,6.48E-01,3.00E+01,7524 
2.00E+00,4.33E-01,3.00E+01,7527 
2.00E+00,6.05E-01,3.00E+01,7531 
2.00E+00,8.27E-01,3.00E+01,7533 
2.00E+00,9.19E-01,3.00E+01,7540 
2.00E+00,6.26E-01,2.34E+01,7542 
2.00E+00,6.47E-01,3.00E+01,7556 
2.00E+00,7.16E-01,3.00E+01,7560 
2.00E+00,9.85E-01,3.00E+01,7564 
2.00E+00,5.62E-01,3.00E+01,7565 
2.00E+00,4.56E-01,2.11E+01,7567 
2.00E+00,4.62E-01,3.00E+01,7572 
2.00E+00,9.27E-01,3.00E+01,7577 
2.00E+00,8.88E-01,6.00E+01,7580 
2.00E+00,4.82E-01,3.00E+01,7581 
2.00E+00,5.11E-01,3.00E+01,7583 
2.00E+00,8.46E-01,3.00E+01,7587 
2.00E+00,4.77E-01,3.00E+01,7602 
2.00E+00,9.01E-01,6.00E+01,7603 
2.00E+00,8.50E-01,6.00E+01,7605 
2.00E+00,6.78E-01,3.00E+01,7610 
2.00E+00,8.57E-01,3.00E+01,7617 
2.00E+00,8.83E-01,3.00E+01,7618 
2.00E+00,5.43E-01,6.00E+01,7620 
2.00E+00,4.65E-01,3.00E+01,7628 
2.00E+00,8.31E-01,6.00E+01,7632 
2.00E+00,9.84E-01,6.00E+01,7633 
2.00E+00,5.78E-01,3.00E+01,7637 
2.00E+00,7.31E-01,3.00E+01,7641 
2.00E+00,9.03E-01,3.00E+01,7659 
2.00E+00,7.21E-01,3.00E+01,7670 
2.00E+00,7.06E-01,3.00E+01,7674 
2.00E+00,5.84E-01,5.68E+01,7679 
2.00E+00,9.25E-01,3.00E+01,7686 
2.00E+00,8.77E-01,3.00E+01,7691 
2.00E+00,5.17E-01,3.00E+01,7696 
2.00E+00,8.74E-01,3.00E+01,7711 
2.00E+00,9.11E-01,3.00E+01,7713 
2.00E+00,5.06E-01,3.00E+01,7733 
2.00E+00,7.94E-01,3.00E+01,7734 
2.00E+00,7.03E-01,4.95E+01,7742 
2.00E+00,8.68E-01,3.00E+01,7752 
2.00E+00,7.63E-01,3.00E+01,7754 
2.00E+00,8.15E-01,6.00E+01,7760 
2.00E+00,8.02E-01,6.00E+01,7768 
2.00E+00,6.09E-01,6.00E+01,7772 
2.00E+00,6.39E-01,3.00E+01,7773 
2.00E+00,8.00E-01,6.00E+01,7777 
2.00E+00,9.80E-01,3.00E+01,7779 
2.00E+00,7.11E-01,3.00E+01,7785 
2.00E+00,8.85E-01,6.00E+01,7787 
2.00E+00,8.04E-01,3.00E+01,7790 
2.00E+00,7.50E-01,3.00E+01,7796 
2.00E+00,8.74E-01,3.00E+01,7802 
2.00E+00,5.55E-01,3.00E+01,7806 
2.00E+00,7.13E-01,3.00E+01,7815 
2.00E+00,8.26E-01,3.00E+01,7825 
2.00E+00,8.55E-01,3.00E+01,7827 
2.00E+00,9.00E-01,3.00E+01,7830 
2.00E+00,8.40E-01,3.00E+01,7850 
2.00E+00,6.77E-01,1.49E+01,7853 
2.00E+00,6.61E-01,3.00E+01,7857 
2.00E+00,5.51E-01,3.00E+01,7865 
2.00E+00,8.65E-01,3.00E+01,7867 
2.00E+00,8.40E-01,3.00E+01,7878 
2.00E+00,8.53E-01,3.00E+01,7880 
2.00E+00,5.04E-01,3.00E+01,7887 
2.00E+00,6.07E-01,3.00E+01,7890 
2.00E+00,8.69E-01,3.00E+01,7899 
2.00E+00,8.56E-01,3.00E+01,7900 
2.00E+00,4.86E-01,3.00E+01,7902 
2.00E+00,8.41E-01,2.90E+01,7920 
2.00E+00,5.48E-01,3.00E+01,7923 
2.00E+00,7.14E-01,3.00E+01,7928 
2.00E+00,5.11E-01,3.00E+01,7934 
2.00E+00,7.80E-01,6.00E+01,7936 
2.00E+00,9.85E-01,3.00E+01,7938 
2.00E+00,5.31E-01,3.00E+01,7939 
2.00E+00,9.81E-01,3.00E+01,7940 
2.00E+00,5.92E-01,3.00E+01,7942 
2.00E+00,8.41E-01,3.00E+01,7959 
2.00E+00,8.18E-01,3.00E+01,7961 
2.00E+00,7.26E-01,6.00E+01,7966 
2.00E+00,9.25E-01,6.00E+01,7968 
2.00E+00,5.91E-01,3.00E+01,7976 
2.00E+00,6.97E-01,3.00E+01,7978 
2.00E+00,8.15E-01,3.00E+01,7992 
2.00E+00,5.42E-01,3.00E+01,7998 
2.00E+00,8.82E-01,3.00E+01,8005 
2.00E+00,4.68E-01,3.00E+01,8017 
2.00E+00,8.00E-01,3.00E+01,8027 
2.00E+00,7.57E-01,6.00E+01,8030 
2.00E+00,9.59E-01,3.00E+01,8036 
2.00E+00,6.00E-01,3.00E+01,8039 
2.00E+00,5.78E-01,3.00E+01,8040 
2.00E+00,5.60E-01,3.61E+01,8041 
2.00E+00,6.73E-01,3.00E+01,8056 
2.00E+00,5.43E-01,3.00E+01,8058 
2.00E+00,9.94E-01,3.00E+01,8060 
2.00E+00,5.58E-01,3.00E+01,8061 
2.00E+00,6.97E-01,6.00E+01,8071 
2.00E+00,5.49E-01,6.00E+01,8076 
2.00E+00,8.59E-01,3.00E+01,8081 
2.00E+00,7.04E-01,3.00E+01,8087 
2.00E+00,6.05E-01,3.00E+01,8093 
2.00E+00,6.53E-01,6.00E+01,8096 
2.00E+00,7.87E-01,3.00E+01,8101 
2.00E+00,4.33E-01,1.36E+01,8104 
2.00E+00,8.86E-01,3.00E+01,8118 
2.00E+00,6.63E-01,3.00E+01,8126 
2.00E+00,7.23E-01,4.17E+01,8142 
2.00E+00,7.61E-01,3.00E+01,8148 
2.00E+00,6.57E-01,3.00E+01,8149 
2.00E+00,8.75E-01,6.00E+01,8153 
2.00E+00,6.84E-01,3.00E+01,8159 
2.00E+00,7.90E-01,3.00E+01,8167 
2.00E+00,8.25E-01,3.00E+01,8176 
2.00E+00,8.99E-01,3.00E+01,8179 
2.00E+00,6.19E-01,3.00E+01,8181 
2.00E+00,7.57E-01,3.00E+01,8185 
2.00E+00,5.55E-01,6.00E+01,8190 
2.00E+00,7.83E-01,3.00E+01,8194 
2.00E+00,9.17E-01,3.00E+01,8200 
2.00E+00,7.17E-01,3.00E+01,8209 
2.00E+00,8.86E-01,3.00E+01,8210 
2.00E+00,5.26E-01,3.00E+01,8216 
2.00E+00,8.04E-01,3.00E+01,8221 
2.00E+00,7.88E-01,3.00E+01,8229 
2.00E+00,7.28E-01,3.00E+01,8230 
2.00E+00,9.87E-01,3.00E+01,8241 
2.00E+00,5.20E-01,3.00E+01,8247 
2.00E+00,4.92E-01,3.00E+01,8250 
2.00E+00,8.30E-01,3.00E+01,8253 
2.00E+00,4.60E-01,3.00E+01,8256 
2.00E+00,8.73E-01,3.00E+01,8262 
2.00E+00,7.41E-01,3.00E+01,8266 
2.00E+00,8.40E-01,6.00E+01,8267 
2.00E+00,6.23E-01,3.00E+01,8268 
2.00E+00,7.12E-01,3.00E+01,8269 
2.00E+00,7.07E-01,3.00E+01,8276 
2.00E+00,9.32E-01,3.00E+01,8278 
2.00E+00,6.15E-01,3.00E+01,8285 
2.00E+00,5.29E-01,3.00E+01,8291 
2.00E+00,7.77E-01,3.00E+01,8299 
2.00E+00,9.00E-01,3.00E+01,8301 
2.00E+00,7.17E-01,6.00E+01,8303 
2.00E+00,7.90E-01,3.00E+01,8309 
2.00E+00,9.46E-01,3.00E+01,8312 
2.00E+00,7.45E-01,3.00E+01,8314 
2.00E+00,7.07E-01,1.77E+01,8329 
2.00E+00,8.36E-01,3.58E+01,8331 
2.00E+00,5.13E-01,3.00E+01,8332 
2.00E+00,6.77E-01,6.00E+01,8339 
2.00E+00,7.91E-01,3.00E+01,8343 
2.00E+00,6.99E-01,3.00E+01,8361 
2.00E+00,6.46E-01,3.00E+01,8375 
2.00E+00,9.73E-01,3.00E+01,8388 
2.00E+00,9.06E-01,6.00E+01,8389 
2.00E+00,5.27E-01,5.68E+01,8391 
2.00E+00,8.69E-01,3.00E+01,8396 
2.00E+00,7.49E-01,3.00E+01,8398 
2.00E+00,9.17E-01,3.00E+01,8399 
2.00E+00,8.37E-01,3.00E+01,8401 
2.00E+00,8.08E-01,3.00E+01,8410 
2.00E+00,9.27E-01,3.00E+01,8412 
2.00E+00,6.89E-01,3.00E+01,8415 
2.00E+00,7.61E-01,3.00E+01,8427 
2.00E+00,8.11E-01,6.00E+01,8431 
2.00E+00,6.18E-01,3.00E+01,8432 
2.00E+00,5.72E-01,3.00E+01,8433 
2.00E+00,4.91E-01,3.00E+01,8434 
2.00E+00,6.78E-01,6.00E+01,8439 
2.00E+00,6.42E-01,3.00E+01,8450 
2.00E+00,7.33E-01,5.45E+01,8463 
2.00E+00,7.91E-01,3.00E+01,8471 
2.00E+00,9.63E-01,6.00E+01,8479 
2.00E+00,7.68E-01,3.00E+01,8481 
2.00E+00,6.96E-01,6.00E+01,8487 
2.00E+00,8.14E-01,6.00E+01,8492 
2.00E+00,5.89E-01,3.00E+01,8499 
2.00E+00,9.52E-01,6.00E+01,8501 
2.00E+00,8.52E-01,3.00E+01,8510 
2.00E+00,6.65E-01,3.00E+01,8516 
2.00E+00,7.82E-01,3.00E+01,8519 
2.00E+00,8.64E-01,6.00E+01,8520 
2.00E+00,7.37E-01,3.00E+01,8525 
