1,1,2
2,1,2
3,1,1
4,0,1
5,0,0
6,1,1
7,1,1
8,2,1
9,0,2
10,1,1
12,1,2
13,2,1
14,1,2
16,1,2
18,1,1
19,1,2
20,2,1
21,1,1
22,3,3
23,2,1
25,1,1
26,1,1
28,1,2
29,2,1
30,2,3
32,1,2
33,1,1
34,3,3
35,1,2
36,1,2
37,1,2
38,2,1
40,1,1
41,2,3
44,1,2
45,1,2
46,1,2
48,1,1
49,1,1
50,1,2
51,1,1
52,1,1
53,1,2
56,3,3
57,1,1
59,1,1
61,2,2
62,1,1
64,1,1
65,2,2
68,1,2
69,2,1
71,0,0
73,1,2
74,2,2
77,2,1
79,1,1
80,1,2
81,1,1
82,2,1
84,1,2
86,1,2
88,2,1
89,1,2
90,0,2
91,1,2
92,2,1
94,1,2
95,1,2
96,2,2
97,1,2
98,1,1
99,1,1
101,0,2
102,0,1
104,1,2
105,1,1
106,3,3
109,1,2
110,2,1
113,1,1
114,2,3
115,2,1
116,1,1
117,1,1
118,1,2
119,2,2
121,2,2
122,1,1
123,2,2
124,1,2
125,3,3
126,2,1
127,1,1
128,0,0
129,1,2
130,1,1
131,2,1
133,2,2
134,1,2
135,1,1
136,2,3
137,0,3
138,2,1
139,3,3
140,1,1
142,1,2
143,1,1
144,1,1
145,2,2
146,1,1
148,1,1
150,1,1
151,1,1
152,1,1
153,1,2
154,1,2
159,2,2
160,1,2
161,2,1
162,2,1
163,1,2
164,3,3
166,1,1
168,1,2
169,1,2
170,2,1
171,1,2
177,1,2
179,1,1
181,2,2
182,1,2
183,1,2
184,1,1
185,1,2
187,2,1
188,1,1
189,2,3
193,1,2
194,1,1
197,1,2
198,2,2
199,1,1
200,1,2
201,3,3
202,1,1
203,2,2
204,2,2
205,3,2
206,1,1
207,1,3
208,0,0
210,1,2
213,2,1
215,2,2
216,0,0
218,2,2
219,1,3
220,2,1
225,0,0
226,1,1
228,1,1
231,0,0
233,1,2
236,1,3
238,1,2
241,1,2
242,1,1
244,1,2
245,1,1
246,2,2
250,1,1
251,2,2
253,0,0
256,1,2
258,1,2
259,2,1
260,2,2
261,1,1
262,1,1
263,1,1
265,1,2
266,1,0
267,0,0
269,1,1
271,0,1
272,1,1
273,1,1
274,1,1
275,1,2
277,1,1
278,2,3
279,1,2
280,1,1
281,1,2
282,0,0
283,1,2
284,1,1
286,2,1
287,1,2
288,2,1
289,1,1
291,2,1
292,1,1
293,2,2
294,1,2
297,1,2
298,2,2
299,1,1
301,0,0
302,1,1
304,1,1
305,1,1
306,1,1
307,3,3
309,1,1
310,2,3
311,1,1
312,1,2
313,1,1
315,1,1
320,1,1
322,1,2
323,1,3
324,2,2
325,2,2
327,2,3
328,1,1
329,2,1
330,1,2
332,1,1
333,1,1
334,1,2
335,2,1
337,2,1
338,1,2
339,1,1
341,1,2
342,2,1
343,2,1
344,2,0
346,1,1
347,1,1
348,2,2
349,1,2
350,1,1
351,1,1
352,1,1
353,2,2
354,1,2
355,1,2
356,1,1
358,1,1
359,1,1
361,1,2
363,1,2
364,1,1
365,1,1
366,1,2
367,1,2
369,1,2
370,3,3
371,1,1
374,1,2
375,0,0
376,1,2
377,1,1
378,1,2
381,1,1
382,1,2
383,1,1
384,2,2
386,1,2
387,1,1
388,1,2
389,2,2
391,1,2
393,1,1
396,2,2
398,1,1
399,2,2
403,1,3
406,2,2
407,1,2
408,1,1
409,1,1
410,1,3
413,2,2
416,1,1
417,1,2
418,1,1
419,1,1
422,0,1
423,1,2
425,1,2
426,1,2
427,2,2
428,2,2
429,1,3
432,0,0
433,1,1
434,2,1
435,1,1
436,1,2
437,1,2
438,0,0
439,0,0
440,1,1
441,0,1
443,2,2
445,3,3
446,1,2
447,1,2
448,1,2
450,1,2
452,1,2
453,2,1
454,1,1
455,1,2
456,0,0
458,1,2
459,1,1
460,1,2
461,2,2
462,1,2
463,1,1
464,1,1
465,0,2
466,2,2
467,1,1
468,2,2
469,1,1
471,1,1
472,1,1
474,3,3
475,1,1
476,1,1
477,2,1
478,1,1
479,1,2
480,1,2
481,1,1
483,1,1
484,2,1
486,0,0
487,1,2
488,1,2
490,1,1
491,1,2
492,1,2
495,1,2
496,1,2
498,2,1
499,1,2
500,1,1
501,1,1
503,2,2
505,1,1
506,1,1
507,1,2
509,0,2
510,1,2
511,2,2
512,1,1
515,1,1
518,1,1
520,0,2
521,2,1
522,2,1
523,2,1
524,3,3
525,1,1
526,1,2
527,1,2
528,1,2
529,2,2
531,1,1
532,1,1
533,2,2
534,1,2
537,3,1
538,1,1
539,2,1
540,1,2
541,1,2
542,0,2
543,1,1
546,1,1
548,1,2
552,1,1
553,1,2
554,2,1
555,1,2
556,2,3
557,2,3
558,1,2
559,2,2
560,1,2
561,2,2
565,2,1
566,1,1
568,1,2
569,1,1
571,1,1
572,2,2
573,1,2
574,1,1
575,1,1
576,1,2
577,2,2
580,1,1
581,1,2
582,1,1
585,3,3
588,1,2
590,1,2
591,3,3
592,0,0
593,2,2
594,1,1
597,1,1
599,1,1
600,1,1
602,1,2
603,2,1
606,1,1
607,1,1
608,2,1
609,1,1
611,0,3
615,1,2
616,1,1
617,1,2
618,1,1
619,3,3
621,0,0
622,1,1
623,2,1
625,0,0
627,1,1
628,1,1
629,3,3
630,1,2
631,1,2
632,1,1
633,1,1
634,2,2
637,1,2
638,2,2
639,1,2
640,2,1
641,1,2
642,1,2
644,1,2
646,2,2
647,1,1
649,2,2
650,2,2
651,1,1
652,1,2
653,2,1
654,1,1
655,1,1
656,2,2
661,1,1
663,1,2
664,2,2
665,1,2
666,0,2
667,1,2
668,1,2
669,1,1
670,0,2
671,1,2
672,1,2
676,1,2
677,1,2
678,1,2
679,2,2
681,1,2
682,1,2
683,1,1
685,1,2
686,1,2
687,2,2
688,2,1
689,1,1
690,3,3
692,1,2
693,2,2
694,1,2
696,2,1
697,2,2
699,2,1
700,3,3
702,2,2
703,1,2
705,3,3
708,1,2
709,2,1
710,1,1
712,2,2
713,1,2
714,1,1
715,1,2
716,2,1
717,1,2
718,2,2
720,1,1
721,1,2
723,2,1
725,0,2
726,1,2
727,1,2
729,1,2
731,1,1
732,2,2
733,0,1
735,1,2
736,1,2
737,2,2
738,1,1
739,0,0
740,2,2
741,2,2
742,2,3
743,1,2
745,2,3
746,2,1
747,1,2
748,1,1
750,1,2
751,1,1
752,1,1
753,1,2
755,1,1
756,1,2
757,1,2
758,1,1
760,1,1
761,3,3
764,1,1
766,2,2
767,2,1
770,2,2
771,1,1
772,0,0
774,3,3
776,0,1
777,1,1
778,1,2
780,1,1
783,1,2
785,2,1
787,2,2
788,2,2
789,2,2
791,1,1
793,2,1
794,1,0
795,0,0
796,1,1
797,1,2
798,0,0
799,1,1
800,1,2
801,1,2
804,1,1
805,1,1
806,1,2
807,2,1
808,1,1
812,1,2
813,3,3
815,1,2
816,1,1
820,2,1
821,1,1
822,1,2
823,1,1
824,1,2
825,1,1
827,1,3
828,1,2
829,1,1
830,1,2
831,1,1
832,1,2
833,1,2
834,1,1
835,2,2
836,1,1
839,1,1
842,1,1
843,1,2
845,1,1
846,1,1
847,1,2
849,2,2
850,2,1
851,2,1
852,1,1
853,1,2
854,1,1
855,2,1
856,1,1
858,1,1
859,1,1
860,0,2
861,1,1
862,1,2
863,1,1
864,1,1
866,1,2
867,0,0
869,0,0
871,1,2
872,2,2
873,0,0
874,1,1
875,2,2
878,2,1
879,1,1
881,1,1
883,1,2
887,2,2
888,0,0
889,2,2
890,1,2
891,1,2
892,2,2
893,1,1
896,1,2
897,1,1
899,1,1
901,1,3
903,2,2
905,1,2
906,2,2
907,1,1
908,2,1
909,1,2
910,1,1
911,1,1
913,2,1
914,2,2
916,2,1
917,2,1
918,1,1
919,2,1
922,1,2
926,1,2
927,2,1
928,1,1
929,1,1
935,2,2
936,1,2
938,1,2
939,0,1
940,1,2
942,1,1
943,1,1
945,1,1
946,1,1
947,1,1
948,1,2
949,1,1
950,1,1
951,0,2
954,0,3
955,1,2
957,2,3
960,1,1
961,1,2
963,1,2
964,0,2
965,1,2
966,1,2
967,1,2
968,2,1
969,1,1
970,1,2
971,2,1
972,0,0
973,1,2
975,2,2
976,1,2
977,2,2
978,1,1
979,2,1
980,1,1
981,1,1
982,0,1
984,3,3
985,1,2
986,1,2
987,1,1
988,3,2
989,2,1
990,1,2
991,2,1
992,1,2
993,2,2
994,1,2
996,1,1
997,2,2
998,1,1
999,1,2
1000,1,2
1001,1,2
1003,1,1
1005,0,0
1006,3,3
1008,1,1
1010,1,1
1011,1,1
1012,1,1
1013,0,2
1015,1,1
1016,1,3
1018,1,1
1019,0,2
1022,1,2
1025,2,2
1026,1,2
1028,1,2
1029,0,1
1030,2,2
1031,2,2
1032,1,1
1033,1,2
1036,2,2
1038,1,2
1039,1,2
1042,0,2
1046,1,2
1047,1,1
1048,3,3
1050,1,2
1051,1,1
1052,0,2
1053,1,1
1055,1,2
1058,1,1
1059,1,2
1060,1,1
1061,1,1
1062,1,1
1063,3,3
1065,2,2
1066,1,2
1067,1,2
1068,2,2
1069,1,2
1070,3,3
1071,2,1
1072,2,1
1073,2,2
1076,0,1
1078,2,2
1080,1,1
1081,2,2
1082,1,2
1083,1,1
1084,2,1
1085,1,2
1086,1,1
1087,0,2
1090,1,0
1091,2,2
1092,0,2
1095,2,1
1097,1,1
1098,1,2
1099,2,1
1100,2,2
1101,1,2
1102,1,1
1104,0,0
1106,1,2
1108,1,2
1109,1,1
1110,1,2
1111,1,2
1112,1,2
1114,1,1
1115,2,1
1116,3,3
1118,1,2
1119,1,1
1123,1,2
1124,2,2
1125,1,1
1126,1,2
1127,1,2
1128,1,1
1130,2,2
1131,2,1
1132,1,2
1133,2,2
1134,2,2
1135,1,1
1136,2,2
1137,1,1
1138,1,1
1139,1,2
1140,1,1
1142,1,1
1143,1,1
1145,2,1
1146,1,1
1147,1,1
1151,1,1
1152,2,1
1153,0,0
1154,2,2
1155,1,2
1156,2,1
1157,1,2
1159,1,1
1160,3,3
1161,1,2
1166,1,1
1169,3,3
1170,1,1
1172,1,1
1173,2,2
1174,1,1
1175,2,2
1177,2,1
1178,2,2
1179,1,2
1181,1,1
1182,2,2
1183,2,2
1184,1,2
1185,1,1
1187,2,1
1188,2,3
1189,1,1
1190,1,1
1191,2,1
1192,0,3
1193,2,1
1194,1,1
1195,1,1
1199,1,2
1200,1,2
1201,2,2
1202,1,1
1204,1,2
1205,1,1
1206,1,2
1207,1,1
1208,1,2
1209,2,1
1211,1,2
1212,1,2
1214,1,1
1217,0,3
1219,2,1
1220,2,2
1221,1,2
1222,1,1
1223,1,1
1225,1,1
1226,2,2
1227,1,1
1228,1,1
1232,1,1
1234,1,2
1236,2,1
1238,1,1
1239,1,1
1240,0,0
1241,2,2
1242,1,2
1244,0,0
1245,2,2
1246,3,3
1247,1,1
1248,1,2
1249,1,2
1250,2,1
1253,3,3
1254,1,1
1255,1,1
1258,0,1
1259,1,2
1261,1,1
1262,1,1
1264,1,1
1265,1,1
1266,1,2
1268,0,2
1269,1,2
1270,3,3
1271,1,1
1273,1,2
1274,2,1
1275,3,3
1276,1,2
1278,1,1
1280,2,1
1281,2,1
1283,1,2
1284,1,2
1285,1,2
1286,2,2
1289,1,2
1291,2,1
1293,1,2
1294,2,2
1295,2,1
1296,1,2
1297,1,1
1298,2,2
1299,3,3
1300,2,1
1301,1,1
1302,0,1
1303,0,2
1305,1,2
1307,1,2
1309,0,3
1310,2,2
1311,1,1
1313,0,0
1314,1,1
1315,1,1
1316,2,2
1317,2,2
1320,1,2
1321,1,2
1322,2,1
1324,0,0
1328,1,2
1331,1,2
1332,2,1
1333,2,1
1334,2,1
1336,1,1
1339,1,1
1341,1,1
1342,0,1
1343,2,2
1345,2,2
1346,1,2
1347,1,2
1348,1,1
1349,1,1
1350,2,2
1351,1,2
1353,1,1
1354,2,2
1356,2,3
1358,1,1
1360,1,1
1361,1,2
1362,1,1
1366,2,3
1367,1,2
1368,1,1
1369,1,2
1370,0,0
1371,0,3
1372,1,2
1374,1,1
1375,2,1
1376,0,2
1377,1,2
1378,1,1
1380,1,1
1384,1,2
1385,1,3
1386,0,0
1387,1,1
1390,1,2
1391,1,2
1392,1,2
1395,0,0
1397,1,2
1398,1,2
1399,1,1
1400,2,1
1401,1,2
1403,1,2
1407,2,2
1409,1,1
1411,1,1
1415,1,1
1416,1,1
1417,1,2
1418,2,2
1419,2,2
1420,0,0
1421,1,1
1422,1,1
1425,1,1
1426,1,1
1427,3,3
1428,1,1
1429,3,3
1430,1,1
1432,1,1
1434,1,1
1435,1,2
1436,2,1
1438,2,2
1439,1,2
1440,1,2
1441,1,2
1442,1,2
1443,0,1
1444,1,3
1445,1,2
1447,1,1
1449,0,2
1450,0,1
1451,1,2
1452,2,2
1454,2,2
1455,1,1
1456,1,1
1457,1,2
1458,2,2
1459,2,2
1461,2,2
1462,1,1
1463,1,2
1464,1,1
1465,1,1
1466,2,2
1467,0,2
1469,2,2
1471,2,2
1472,1,1
1474,2,2
1478,2,2
1479,1,1
1480,1,2
1482,1,2
1483,1,1
1486,1,1
1487,2,1
1488,1,2
1489,1,1
1490,1,2
1492,1,2
1493,1,2
1495,1,2
1496,1,2
1497,1,1
1499,1,2
1502,3,3
1504,1,2
1506,1,1
1507,1,1
1508,1,2
1511,0,1
1512,1,2
1513,1,1
1514,1,2
1516,2,1
1518,2,3
1519,0,2
1521,3,3
1522,0,0
1523,1,1
1524,1,2
1525,2,1
1526,2,1
1528,1,2
1529,3,3
1532,2,2
1533,1,2
1534,1,2
1535,1,2
1536,2,1
1537,1,2
1538,1,2
1539,1,1
1540,2,1
1541,1,1
1542,1,1
1543,2,2
1545,1,2
1546,2,2
1547,2,1
1548,1,1
1549,1,2
1550,0,3
1551,1,2
1552,2,2
1555,1,1
1556,1,2
1558,1,2
1559,1,1
1560,1,1
1561,2,1
1563,2,1
1564,2,1
1565,2,1
1566,1,2
1567,3,3
1570,1,2
1571,2,2
1572,1,0
1573,1,1
1574,1,2
1578,3,3
1579,1,1
1581,2,2
1582,1,1
1583,2,2
1585,3,3
1586,2,2
1587,2,2
1588,2,1
1589,0,2
1592,2,2
1594,0,3
1595,1,1
1596,1,2
1598,2,1
1599,1,1
1600,1,1
1601,1,1
1602,2,2
1604,1,1
1605,1,2
1606,2,2
1608,2,1
1610,1,1
1611,1,1
1612,1,1
1613,1,2
1614,0,0
1615,1,2
1616,1,2
1617,1,2
1620,2,2
1623,1,2
1624,0,3
1625,1,2
1626,1,2
1627,2,1
1630,1,1
1631,1,1
1632,2,1
1634,2,0
1635,2,2
1637,1,1
1638,1,1
1639,2,2
1640,1,2
1642,0,0
1643,2,2
1644,1,1
1645,1,2
1646,1,1
1649,2,2
1651,2,2
1655,1,1
1656,1,2
1657,1,2
1658,1,2
1660,1,2
1662,0,2
1663,1,2
1664,1,1
1666,1,1
1667,2,1
1668,2,2
1669,2,1
1670,1,1
1671,1,1
1672,2,2
1673,1,1
1674,1,2
1675,1,2
1676,2,2
1677,1,1
1678,1,2
1679,2,1
1680,1,1
1683,1,2
1684,1,1
1686,1,2
1687,1,1
1688,1,1
1689,1,2
1690,2,3
1691,0,0
1692,2,1
1693,0,2
1696,1,1
1697,1,2
1698,1,2
1699,1,1
1702,1,1
1703,3,3
1704,1,1
1705,1,2
1706,3,3
1707,3,3
1708,1,1
1709,2,2
1713,1,2
1716,2,2
1717,1,2
1718,0,2
1719,1,1
1721,1,1
1722,2,2
1723,2,2
1724,1,2
1725,1,2
1727,3,3
1728,1,2
1729,1,2
1730,1,1
1731,2,2
1732,1,2
1733,1,1
1735,1,1
1736,1,1
1737,2,2
1738,1,1
1739,1,1
1740,1,1
1741,1,1
1742,1,2
1743,1,2
1744,2,2
1746,2,3
1747,0,0
1749,1,2
1750,3,3
1751,1,1
1752,1,1
1753,0,0
1754,1,2
1755,3,3
1756,1,1
1758,1,1
1759,1,1
1760,1,2
1762,1,2
1763,3,3
1764,2,2
1767,1,2
1768,1,1
1769,1,2
1771,1,1
1772,3,3
1773,1,1
1774,2,1
1775,1,1
1776,0,0
1778,1,2
1779,1,2
1781,1,1
1782,1,2
1783,1,2
1786,0,3
1788,1,2
1789,1,1
1791,1,1
1792,1,2
1793,1,2
1794,1,1
1795,2,1
1796,1,1
1797,1,2
1799,1,2
1802,1,1
1803,1,2
1805,3,3
1806,1,2
1807,1,1
1809,2,2
1810,1,1
1811,0,2
1813,2,1
1816,1,1
1817,1,1
1819,1,2
1821,1,2
1823,1,2
1824,0,0
1825,2,1
1826,2,2
1827,1,1
1828,0,2
1831,0,1
1832,1,2
1833,3,3
1834,2,2
1835,1,2
1836,2,1
1837,1,3
1839,2,2
1840,1,2
1842,2,1
1843,1,2
1844,0,3
1845,1,2
1847,1,1
1848,1,2
1849,1,2
1850,1,1
1851,1,2
1852,2,1
1853,0,2
1854,1,2
1856,1,2
1857,1,1
1859,1,1
1861,1,2
1862,1,2
1863,1,2
1864,1,1
1865,1,2
1866,1,1
1867,1,1
1868,1,2
1869,0,2
1870,1,2
1871,1,1
1872,2,3
1874,1,2
1877,1,1
1879,1,2
1881,1,2
1884,1,2
1885,1,2
1889,1,1
1893,2,2
1894,1,3
1895,1,1
1896,1,1
1898,1,1
1899,1,1
1900,1,1
1901,1,2
1903,2,1
1904,1,2
1906,1,1
1907,2,2
1908,1,1
1909,2,2
1910,1,2
1911,1,3
1912,1,2
1913,2,2
1914,1,1
1915,1,1
1916,2,2
1918,2,2
1919,2,1
1920,1,2
1922,1,1
1923,1,1
1925,2,1
1926,1,2
1927,1,1
1928,2,1
1929,2,2
1930,0,0
1931,1,3
1932,0,3
1933,1,1
1935,1,2
1936,1,2
1937,2,1
1938,3,2
1939,1,1
1940,1,2
1941,0,2
1944,2,1
1945,1,2
1947,1,1
1948,1,1
1949,1,1
1950,1,1
1951,0,3
1954,2,2
1956,1,1
1958,1,1
1959,1,1
1960,1,1
1961,2,2
1963,1,1
1964,1,1
1966,3,3
1967,1,1
1971,1,1
1973,1,1
1974,2,2
1975,1,1
1976,1,1
1977,1,2
1978,1,1
1979,1,1
1980,1,2
1981,0,2
1982,1,1
1983,2,2
1984,1,1
1986,0,2
1987,1,2
1988,1,2
1989,1,1
1993,1,1
1995,1,2
1996,1,1
1997,2,1
1998,1,1
2000,1,1
2002,2,1
2003,2,2
2004,2,1
2005,2,2
2006,1,2
2007,2,2
2008,1,2
2009,1,2
2010,1,1
2011,2,2
2012,2,2
2013,1,1
2015,1,1
2016,1,2
2018,1,1
2019,2,1
2020,1,1
2021,1,3
2022,1,1
2024,2,2
2026,1,1
2027,2,1
2028,1,2
2029,1,2
2031,2,2
2032,3,3
2034,1,2
2035,2,1
2036,2,1
2037,1,1
2038,1,1
2039,1,2
2040,1,1
2044,2,1
2046,1,1
2047,0,2
2048,1,2
2050,1,1
2052,1,2
2053,2,2
2054,1,2
2055,3,3
2056,2,1
2058,1,1
2061,1,2
2062,2,2
2063,1,2
2064,1,2
2066,2,1
2067,2,2
2068,2,2
2069,3,3
2071,1,1
2073,1,1
2076,1,2
2079,1,1
2081,0,0
2082,1,2
2083,1,2
2084,2,1
2085,1,2
2086,1,1
2087,1,1
2089,1,1
2091,2,1
2092,2,2
2093,1,2
2094,1,1
2097,1,2
2099,1,2
2100,1,3
2101,2,3
2102,0,2
2104,0,1
2105,2,2
2106,1,2
2107,2,2
2110,0,3
2112,2,2
2113,3,3
2115,1,2
2117,2,2
2118,2,2
2121,2,3
2123,1,2
2124,1,1
2125,1,2
2126,0,3
2127,1,1
2128,1,3
2130,1,1
2131,1,1
2133,3,3
2134,1,2
2135,1,1
2136,1,1
2139,1,2
2140,1,1
2141,1,1
2142,1,1
2143,1,2
2144,1,1
2145,1,2
2146,1,2
2147,1,2
2148,1,1
2149,1,2
2150,0,2
2151,1,2
2152,2,1
2153,2,2
2154,1,1
2155,1,1
2156,1,1
2157,2,1
2158,2,2
2159,0,1
2160,1,1
2161,1,1
2162,1,2
2163,2,3
2164,2,3
2166,1,2
2167,1,2
2168,3,3
2169,1,2
2170,2,2
2171,2,3
2172,1,1
2173,1,2
2174,1,2
2175,1,3
2176,2,2
2177,2,2
2178,1,1
2180,2,2
2181,3,3
2182,1,2
2184,1,1
2185,1,2
2187,2,1
2189,1,1
2191,1,3
2193,2,2
2194,2,1
2195,1,2
2196,3,3
2197,0,3
2198,1,1
2202,2,2
2203,1,2
2204,1,1
2205,2,2
2206,1,2
2208,1,2
2209,1,2
2213,2,1
2214,2,2
2215,1,1
2216,1,2
2217,3,3
2219,1,2
2220,1,1
2221,1,2
2224,0,0
2225,1,2
2227,1,2
2228,2,2
2230,1,2
2232,2,3
2233,2,1
2234,1,1
2235,2,1
2237,1,2
2239,1,2
2240,1,2
2241,1,2
2242,2,2
2243,1,2
2244,1,2
2246,1,2
2247,2,2
2248,2,2
2249,1,1
2250,1,1
2251,1,2
2252,3,3
2254,2,2
2256,1,2
2257,2,2
2258,1,2
2260,1,2
2261,1,1
2264,1,2
2265,2,1
2266,1,1
2267,1,1
2269,1,1
2270,2,1
2271,1,2
2274,1,1
2275,1,2
2276,1,1
2277,1,2
2278,2,2
2279,0,0
2282,1,2
2283,1,2
2285,1,1
2287,1,1
2290,0,1
2291,0,2
2293,1,2
2294,2,3
2295,2,2
2296,2,1
2297,1,1
2298,1,1
2301,2,2
2302,2,2
2305,1,3
2308,1,2
2309,1,2
2311,2,1
2313,1,2
2314,2,1
2316,2,2
2317,1,1
2318,2,1
2319,1,1
2320,2,1
2326,0,0
2327,1,1
2329,1,2
2330,0,1
2331,1,2
2332,1,2
2334,2,1
2335,1,2
2336,1,2
2337,2,2
2338,1,1
2339,1,1
2340,1,1
2341,1,1
2343,1,1
2344,1,2
2346,1,2
2348,2,2
2350,1,1
2351,1,1
2352,1,1
2354,1,2
2356,1,2
2357,1,1
2359,1,2
2360,1,2
2361,2,2
2362,1,1
2364,3,3
2365,1,2
2367,1,1
2368,1,1
2370,2,1
2371,1,1
2372,3,3
2374,1,1
2375,0,2
2376,1,1
2377,1,1
2381,1,1
2382,1,2
2383,1,1
2384,1,2
2385,1,2
2387,2,1
2389,1,1
2391,0,0
2392,2,2
2393,1,1
2395,1,2
2396,2,2
2398,1,1
2399,2,1
2400,0,2
2402,0,1
2405,1,2
2406,1,2
2407,1,2
2408,2,3
2409,2,1
2411,3,3
2412,1,1
2413,1,1
2414,1,1
2415,1,2
2416,1,2
2417,1,2
2419,3,3
2420,1,2
2422,1,1
2423,2,3
2424,1,2
2425,0,0
2426,0,1
2427,1,2
2428,2,2
2429,0,0
2430,1,1
2432,2,1
2433,2,1
2436,2,2
2441,2,2
2443,1,2
2444,1,2
2445,1,1
2446,2,2
2447,1,2
2449,1,1
2450,1,2
2451,0,2
2452,1,1
2454,1,1
2455,0,2
2458,1,1
2459,1,2
2460,0,2
2461,0,2
2462,2,1
2465,1,1
2467,2,1
2468,1,2
2469,1,2
2470,1,1
2472,1,2
2473,1,2
2474,0,2
2475,0,0
2476,1,1
2479,3,3
2480,1,1
2481,1,2
2485,1,2
2486,1,1
2487,1,2
2488,2,2
2490,2,1
2492,1,1
2493,0,0
2495,1,2
2496,1,1
2497,1,1
2499,0,0
2500,1,2
2503,1,2
2504,1,1
2505,2,1
2506,0,2
2507,1,1
2508,1,2
2509,0,2
2510,1,1
2511,1,1
2514,3,3
2515,1,1
2516,1,1
2517,1,1
2519,0,0
2520,1,2
2521,1,1
2522,2,1
2523,1,2
2524,1,2
2525,1,2
2526,1,1
2527,1,2
2528,1,2
2530,1,2
2534,1,1
2536,0,0
2537,1,2
2539,1,1
2540,1,1
2541,2,1
2542,1,2
2543,1,2
2545,1,2
2546,1,2
2548,1,1
2549,0,0
2550,0,0
2551,2,2
2552,2,1
2553,1,1
2554,1,2
2555,1,2
2556,1,1
2558,1,1
2559,0,2
2560,2,2
2561,1,2
2562,1,2
2564,1,1
2566,1,2
2567,1,1
2571,1,2
2573,1,2
2576,2,2
2577,2,1
2578,1,2
2579,1,1
2581,1,1
2582,1,1
2583,1,1
2585,1,2
2586,1,2
2588,1,1
2589,1,1
2591,1,1
2592,1,1
2593,1,3
2594,2,2
2595,1,1
2596,1,1
2597,1,2
2598,1,1
2599,1,2
2600,1,1
2601,2,1
2602,2,2
2604,1,1
2605,1,2
2606,1,2
2607,3,3
2608,1,1
2609,1,1
2610,1,1
2611,0,0
2612,1,2
2614,3,3
2615,2,2
2616,1,2
2617,2,1
2618,1,1
2619,1,2
2620,1,1
2621,1,1
2622,1,2
2623,1,2
2626,0,1
2627,1,1
2628,1,2
2629,2,1
2630,2,2
2631,2,1
2632,2,2
2633,1,1
2634,2,1
2635,1,2
2636,2,2
2637,1,1
2638,1,2
2640,1,1
2641,1,1
2645,1,1
2647,1,2
2649,0,2
2650,2,1
2651,1,1
2652,1,1
2653,1,2
2654,2,2
2655,1,1
2656,1,1
2657,1,2
2658,2,1
2659,1,3
2660,1,1
2661,1,2
2662,1,1
2664,1,1
2666,1,2
2667,1,3
2669,1,2
2670,1,1
2671,1,2
2672,1,2
2673,1,2
2674,1,1
2676,2,2
2678,1,2
2680,2,2
2681,1,2
2683,2,2
2685,2,2
2686,0,0
2687,2,1
2689,1,1
2690,2,1
2691,1,2
2693,3,1
2695,0,2
2696,2,1
2697,2,2
2698,1,1
2699,2,2
2700,1,1
2701,2,2
2702,3,1
2704,2,2
2705,2,2
2706,3,3
2707,1,2
2708,2,2
2709,2,2
2710,1,2
2711,1,2
2713,1,1
2714,1,1
2715,1,1
2716,1,2
2717,3,3
2718,1,1
2719,2,3
2721,1,1
2722,0,0
2723,1,1
2724,2,2
2726,1,2
2727,0,0
2728,1,2
2730,3,3
2731,1,1
2734,2,1
2735,1,2
2736,1,2
2737,1,1
2738,0,0
2739,1,1
2740,3,3
2742,1,1
2743,1,2
2746,1,2
2747,2,1
2748,2,2
2749,1,2
2750,3,3
2752,1,1
2753,1,2
2754,1,1
2755,1,2
2756,1,2
2757,0,3
2758,1,1
2760,1,1
2763,1,2
2766,1,2
2767,1,2
2768,1,2
2769,1,2
2770,1,2
2771,2,2
2772,3,3
2773,1,1
2775,2,2
2776,0,2
2778,1,2
2779,1,1
2780,2,2
2785,3,3
2786,1,1
2787,2,2
2788,1,2
2789,1,1
2790,1,2
2791,2,1
2792,2,2
2793,1,2
2794,1,1
2795,1,1
2796,1,1
2797,1,2
2798,2,2
2800,1,1
2801,2,1
2802,2,1
2803,1,3
2804,2,2
2806,2,2
2807,0,1
2808,1,2
2809,1,1
2810,2,2
2811,1,1
2812,1,2
2814,1,2
2816,1,1
2818,2,2
2820,1,1
2821,3,3
2823,1,2
2824,1,1
2826,2,1
2827,2,1
2828,2,2
2829,3,3
2830,2,1
2831,1,1
2833,3,3
2834,2,2
2835,2,2
2836,1,1
2837,1,2
2840,2,2
2841,2,2
2842,1,2
2843,1,1
2844,2,3
2845,0,0
2846,1,1
2847,1,1
2848,1,3
2852,2,1
2853,0,2
2854,2,2
2855,1,1
2856,0,3
2857,1,2
2858,1,2
2859,2,2
2860,1,2
2863,1,2
2864,1,1
2865,1,2
2867,2,2
2869,1,2
2870,2,1
2871,1,2
2874,3,3
2875,1,1
2878,1,2
2879,0,0
2881,2,3
2883,2,2
2886,1,1
2889,2,1
2890,1,1
2891,1,2
2895,0,0
2896,1,1
2897,1,1
2901,1,1
2903,1,1
2904,1,1
2910,1,2
2911,2,2
2912,2,3
2915,2,2
2916,1,1
2918,0,2
2921,1,1
2923,1,2
2924,1,2
2925,1,2
2927,1,1
2928,1,2
2930,1,1
2931,1,1
2932,2,3
2933,3,3
2934,2,1
2935,1,1
2936,1,1
2937,0,3
2938,1,2
2939,1,2
2941,1,1
2944,1,2
2946,1,2
2948,2,1
2949,1,1
2950,1,1
2951,1,1
2952,1,1
2953,1,1
2954,1,2
2955,3,3
2956,1,1
2957,1,2
2958,1,1
2959,1,2
2961,3,3
2962,1,1
2966,1,2
2967,1,1
2968,1,2
2969,1,2
2970,1,1
2971,1,2
2974,2,2
2975,1,2
2976,2,1
2977,1,2
2979,1,2
2980,2,1
2981,1,2
2984,2,1
2985,1,2
2987,1,2
2988,2,2
2989,1,2
2990,1,1
2991,1,1
2992,1,1
2993,2,2
2994,1,2
2995,2,1
2998,1,2
2999,2,1
3000,1,2
3001,2,1
3002,1,1
3003,1,2
3004,0,0
3005,2,2
3006,2,3
3008,1,1
3009,1,1
3010,2,1
3011,1,2
3012,0,0
3015,2,2
3016,2,3
3018,1,2
3019,1,1
3021,2,1
3023,1,2
3024,1,2
3025,1,1
3026,2,1
3027,1,2
3028,1,1
3029,1,1
3030,1,2
3032,1,2
3035,1,2
3036,1,2
3037,1,1
3038,1,1
3039,3,3
3040,1,1
3043,1,1
3045,1,2
3047,2,2
3049,1,2
3050,3,3
3051,1,2
3054,1,1
3055,0,2
3056,1,1
3058,1,1
3059,1,2
3060,1,1
3062,1,1
3064,2,2
3065,1,2
3067,1,1
3068,1,1
3069,1,1
3070,1,2
3076,2,2
3077,1,2
3079,2,2
3082,2,2
3083,2,3
3084,1,1
3085,1,1
3086,1,3
3087,2,1
3090,2,1
3091,1,2
3092,1,1
3093,1,1
3096,1,2
3097,1,0
3100,1,1
3101,0,2
3105,1,1
3106,1,1
3108,1,1
3109,1,1
3110,2,2
3112,2,3
3114,1,2
3115,1,2
3116,2,2
3117,3,1
3118,3,3
3119,1,1
3120,1,1
3121,1,1
3122,1,1
3123,1,1
3124,1,2
3125,1,1
3126,0,1
3127,2,2
3129,1,2
3131,1,2
3133,1,1
3134,1,3
3135,1,1
3137,2,1
3138,1,2
3140,1,1
3142,2,2
3144,1,1
3145,1,1
3146,1,2
3147,1,1
3148,2,2
3149,3,3
3150,1,2
3151,1,2
3154,0,2
3155,1,1
3156,2,3
3157,1,1
3158,1,2
3159,1,2
3160,1,1
3161,0,0
3163,1,1
3164,1,2
3165,1,1
3168,1,2
3170,1,2
3171,1,1
3172,1,2
3173,1,1
3175,1,1
3176,1,2
3179,1,2
3180,1,2
3181,2,1
3183,3,3
3185,0,0
3187,0,0
3188,1,2
3189,1,1
3190,1,2
3191,1,1
3193,1,1
3194,1,1
3197,1,2
3199,3,3
3200,1,1
3203,1,1
3205,1,1
3206,1,2
3207,1,2
3209,1,1
3210,2,1
3211,1,2
3212,0,2
3215,3,3
3216,2,1
3218,1,2
3220,2,2
3222,1,2
3223,0,2
3224,1,2
3225,2,1
3226,1,1
3228,2,2
3229,2,2
3233,2,1
3234,1,2
3235,1,2
3236,1,2
3237,1,2
3239,3,3
3243,1,2
3245,2,2
3246,0,0
3247,1,2
3248,1,1
3249,1,2
3251,2,1
3253,1,0
3254,2,2
3255,1,1
3256,1,2
3257,1,1
3258,2,1
3259,1,2
3260,1,1
3262,2,2
3263,1,1
3264,1,2
3265,1,2
3266,2,1
3268,1,2
3269,3,3
3270,1,2
3271,2,2
3272,1,1
3277,1,1
3278,2,2
3279,1,1
3280,1,1
3281,1,3
3283,2,2
3284,1,1
3287,2,1
3288,1,2
3289,1,2
3290,2,2
3292,1,1
3294,2,2
3295,0,0
3297,1,2
3299,1,1
3301,1,2
3302,1,1
3303,1,2
3304,1,2
3305,1,1
3306,0,2
3307,1,2
3308,2,2
3309,2,2
3310,0,0
3313,1,2
3314,1,2
3316,2,1
3317,1,1
3319,0,2
3320,1,1
3321,1,1
3322,1,1
3323,1,1
3324,2,2
3325,1,2
3326,1,2
3327,1,2
3328,1,2
3329,2,3
3330,2,1
3333,2,2
3334,1,2
3336,1,2
3337,1,1
3339,2,1
3340,1,2
3341,2,3
3343,1,2
3344,1,1
3345,1,2
3347,1,2
3348,1,2
3349,1,2
3350,1,2
3351,1,2
3352,3,3
3353,1,2
3354,2,2
3357,1,1
3359,1,1
3360,1,3
3361,1,2
3362,1,1
3363,3,3
3364,1,1
3366,1,1
3368,2,2
3369,1,1
3370,2,2
3372,1,2
3373,2,2
3374,2,2
3375,1,2
3376,1,3
3377,1,1
3378,1,1
3379,1,2
3380,1,2
3382,0,0
3383,1,1
3385,1,2
3386,1,2
3387,1,2
3388,1,1
3390,1,1
3392,2,2
3394,1,2
3398,1,0
3400,1,1
3402,1,1
3404,1,2
3405,1,2
3407,1,1
3408,3,3
3409,1,1
3410,2,1
3411,1,1
3413,1,1
3414,1,2
3415,1,1
3417,2,2
3419,1,1
3423,1,3
3424,2,2
3425,1,1
3426,1,1
3427,2,2
3428,1,1
3430,1,2
3431,1,1
3432,1,2
3433,1,2
3435,1,2
3436,2,2
3437,0,1
3438,1,2
3439,2,1
3440,1,2
3441,1,1
3442,1,2
3443,3,3
3444,1,2
3445,1,1
3446,0,0
3448,1,2
3450,1,2
3452,1,1
3453,1,1
3455,1,1
3456,1,1
3457,1,1
3458,1,1
3459,1,2
3461,2,2
3462,1,2
3463,2,2
3464,2,1
3465,1,1
3469,0,3
3470,1,1
3471,1,2
3472,1,1
3473,1,1
3474,2,2
3476,1,1
3477,1,2
3478,1,2
3479,1,1
3482,1,3
3483,1,1
3484,1,2
3485,1,1
3487,1,1
3489,3,3
3491,1,2
3492,1,3
3493,2,1
3494,1,1
3495,1,1
3496,2,1
3498,0,3
3500,2,2
3501,0,0
3502,0,0
3504,1,2
3505,1,2
3506,2,2
3507,1,1
3508,0,2
3509,1,2
3511,1,1
3512,1,2
3513,2,1
3514,2,2
3515,1,1
3516,2,2
3517,2,2
3518,1,2
3520,1,1
3521,2,2
3522,1,1
3523,1,2
3524,1,1
3529,1,1
3530,1,1
3531,1,2
3533,1,2
3534,1,2
3535,1,1
3536,1,2
3537,2,1
3539,2,2
3540,2,1
3541,3,3
3542,1,2
3543,1,2
3544,1,2
3546,2,3
3548,0,0
3549,3,3
3550,1,2
3553,1,1
3554,1,1
3555,1,2
3556,2,1
3557,1,1
3558,1,1
3559,1,1
3560,1,2
3561,1,1
3562,1,2
3565,3,3
3568,1,1
3569,0,1
3570,1,1
3574,1,1
3575,2,2
3576,0,2
3577,2,2
3578,2,2
3580,3,3
3583,2,3
3584,0,0
3585,1,2
3586,1,2
3587,1,1
3590,1,2
3591,2,1
3592,0,2
3593,1,1
3595,1,2
3596,3,3
3597,2,1
3599,1,2
3601,2,2
3602,1,1
3603,1,3
3604,1,2
3605,0,0
3608,1,1
3609,2,2
3611,1,1
3612,2,2
3613,1,1
3615,2,1
3616,2,2
3617,1,2
3618,1,1
3619,2,1
3621,2,2
3622,1,2
3624,2,2
3625,1,2
3626,1,2
3627,1,1
3629,0,2
3630,2,2
3631,1,1
3634,0,2
3635,0,2
3636,1,2
3637,1,2
3639,1,1
3640,2,1
3641,1,1
3642,1,2
3643,2,3
3644,1,0
3647,1,2
3648,1,1
3649,1,1
3651,1,2
3652,1,3
3653,2,2
3654,1,2
3656,1,2
3657,0,0
3658,1,3
3660,0,0
3661,2,2
3662,1,2
3663,1,1
3664,2,3
3666,1,2
3667,2,1
3669,2,1
3670,0,0
3671,0,0
3672,1,2
3674,1,2
3675,1,2
3676,1,1
3678,1,1
3679,1,1
3680,1,2
3681,1,3
3683,2,2
3684,1,1
3686,1,1
3687,2,2
3688,1,2
3689,1,2
3690,1,1
3694,1,1
3695,1,2
3696,2,2
3697,1,1
3698,1,2
3699,1,2
3700,1,1
3701,2,2
3702,1,1
3704,1,1
3706,1,1
3707,0,1
3708,2,1
3709,1,1
3710,1,3
3711,1,1
3712,1,2
3713,1,2
3715,1,1
3717,2,1
3719,3,3
3721,2,2
3722,1,1
3724,2,1
3725,2,1
3726,1,1
3728,1,1
3729,1,1
3730,2,1
3731,1,1
3733,1,2
3735,1,2
3736,2,1
3738,3,3
3739,3,3
3741,1,1
3742,2,2
3743,1,1
3744,1,1
3747,1,1
3748,1,1
3749,1,1
3750,1,2
3751,1,2
3752,2,3
3753,1,1
3754,1,1
3755,1,1
3756,2,3
3759,1,1
3760,0,0
3761,1,2
3762,1,1
3763,2,1
3764,1,1
3765,1,1
3766,2,1
3768,1,1
3769,1,2
3771,2,1
3772,1,3
3773,2,1
3774,1,2
3775,2,1
3776,1,1
3777,1,2
3779,1,2
3781,2,1
3784,1,2
3786,1,1
3787,1,1
3789,2,1
3790,1,1
3791,1,1
3792,0,1
3793,2,1
3795,1,1
3796,1,2
3800,1,2
3801,1,2
3802,2,1
3803,1,2
3804,1,2
3805,2,2
3806,1,2
3807,2,1
3808,2,1
3809,1,2
3813,1,2
3815,1,2
3817,2,1
3818,1,1
3819,1,2
3820,2,2
3822,2,1
3824,1,1
3825,1,1
3826,2,1
3827,0,0
3829,3,3
3831,2,2
3832,1,2
3835,1,1
3836,0,0
3839,1,2
3840,1,1
3841,1,1
3844,0,1
3847,2,3
3848,3,3
3849,2,2
3850,1,1
3851,2,1
3852,0,2
3853,1,1
3854,1,1
3855,1,1
3856,1,1
3858,1,1
3860,1,2
3863,0,0
3864,1,1
3865,1,1
3866,1,1
3869,2,2
3871,1,2
3874,1,2
3875,1,2
3876,1,2
3877,1,3
3878,1,2
3879,2,2
3881,1,2
3882,1,2
3883,1,1
3884,1,2
3885,1,2
3886,1,1
3887,1,1
3888,1,1
3889,1,2
3890,2,2
3892,1,1
3893,1,1
3895,1,1
3896,1,1
3899,1,2
3900,1,1
3901,1,2
3903,1,2
3904,2,1
3905,0,0
3906,1,2
3907,1,1
3908,1,2
3912,1,1
3915,1,1
3916,1,3
3919,2,1
3920,2,1
3922,1,3
3923,1,1
3924,2,2
3925,1,3
3926,1,1
3930,1,1
3931,2,2
3932,1,1
3933,1,2
3938,2,1
3940,1,1
3941,1,1
3942,1,2
3943,1,1
3944,2,1
3946,3,3
3948,1,1
3950,1,1
3952,1,1
3953,1,1
3954,0,0
3955,1,1
3957,1,1
3958,1,1
3959,2,1
3961,1,1
3962,1,2
3963,1,2
3966,1,2
3967,1,2
3968,1,1
3969,2,2
3974,1,2
3975,1,1
3976,2,1
3977,2,1
3981,1,2
3983,0,0
3984,1,2
3985,1,1
3987,1,1
3989,1,1
3992,1,1
3993,1,1
3994,2,2
4001,2,2
4002,2,3
4004,1,1
4005,2,2
4006,1,2
4007,1,1
4010,1,1
4011,1,2
4012,1,2
4013,2,2
4014,2,3
4017,1,1
4018,2,1
4019,0,0
4020,3,1
4021,2,1
4022,1,2
4023,1,1
4024,1,1
4026,1,2
4028,1,2
4030,0,2
4031,2,1
4034,1,2
4035,1,1
4037,1,2
4038,2,2
4040,1,1
4042,1,2
4043,1,2
4044,1,1
4045,1,2
4046,1,1
4047,2,1
4048,0,1
4049,2,2
4050,1,1
4051,1,1
4052,2,2
4053,1,1
4054,1,2
4055,2,1
4057,2,2
4058,1,2
4059,1,2
4060,1,2
4061,1,2
4062,2,3
4063,2,2
4065,1,1
4066,1,1
4067,1,1
4068,1,2
4070,1,2
4071,1,2
4072,1,1
4073,1,2
4076,1,2
4077,1,1
4078,2,1
4079,1,2
4081,2,1
4083,1,2
4084,1,2
4086,3,3
4087,1,2
4088,1,1
4090,1,2
4091,1,2
4093,1,2
4094,1,1
4095,1,2
4096,2,1
4097,1,2
4098,2,2
4101,1,1
4102,1,2
4103,2,3
4105,1,1
4106,1,2
4107,1,1
4108,2,1
4109,2,1
4111,1,1
4112,1,2
4113,2,1
4114,1,2
4115,1,1
4117,0,0
4118,1,2
4120,1,2
4121,1,2
4122,0,0
4123,0,2
4124,1,2
4125,1,2
4126,1,2
4127,1,1
4128,0,0
4129,2,1
4131,1,2
4132,1,1
4133,3,3
4134,1,2
4135,2,1
4137,3,3
4139,1,2
4140,1,1
4142,1,2
4143,1,1
4144,1,2
4145,1,2
4146,1,1
4147,1,2
4148,1,2
4150,2,1
4151,1,1
4153,1,2
4154,1,2
4155,1,1
4156,1,1
4157,1,2
4158,1,3
4161,1,1
4162,1,2
4163,1,2
4165,1,1
4169,1,1
4170,3,3
4171,1,2
4172,1,1
4173,2,2
4175,2,2
4176,2,3
4178,1,2
4180,1,2
4182,1,2
4183,1,1
4184,2,1
4185,2,1
4186,3,3
4187,1,1
4188,1,1
4189,1,2
4190,1,1
4191,1,1
4192,1,2
4193,1,1
4194,1,2
4195,2,2
4197,1,1
4198,2,1
4199,1,2
4207,0,2
4208,1,1
4209,2,3
4210,1,2
4211,1,2
4212,1,2
4213,1,1
4214,2,2
4215,2,2
4216,3,3
4218,0,0
4219,1,2
4220,0,0
4221,1,2
4222,2,1
4223,1,1
4224,1,2
4225,1,1
4226,1,1
4227,2,1
4228,2,3
4229,1,2
4230,0,0
4231,3,3
4232,2,2
4233,1,1
4236,1,2
4238,2,0
4240,2,2
4242,2,2
4243,1,1
4244,3,3
4245,1,2
4246,1,1
4247,1,2
4249,2,2
4250,2,1
4251,3,3
4252,2,1
4253,1,2
4256,1,2
4257,3,3
4260,1,2
4261,2,2
4263,1,2
4265,1,2
4267,1,1
4268,2,2
4269,1,1
4270,1,2
4271,2,2
4272,0,0
4273,1,2
4275,1,2
4276,1,1
4277,1,1
4278,1,1
4279,2,1
4280,1,1
4281,1,1
4282,3,3
4283,1,2
4284,2,1
4285,1,2
4287,1,1
4288,2,2
4289,1,1
4291,1,1
4293,2,1
4294,1,2
4295,1,2
4296,2,1
4297,1,1
4298,1,1
4299,0,0
4301,1,1
4303,3,3
4304,1,2
4305,1,1
4308,2,1
4309,2,2
4311,1,0
4314,1,2
4315,2,2
4316,2,1
4318,2,2
4320,0,2
4321,1,2
4323,1,2
4324,2,1
4325,3,3
4326,1,2
4327,1,2
4328,1,2
4329,3,3
4330,1,1
4331,2,2
4332,1,1
4333,1,1
4334,1,1
4335,2,1
4336,1,1
4337,1,2
4338,1,1
4339,1,2
4340,1,1
4341,1,1
4343,1,1
4344,1,2
4345,2,2
4346,2,1
4347,1,1
4349,0,0
4351,1,1
4353,1,1
4354,1,2
4355,1,1
4356,2,3
4357,2,3
4359,1,2
4360,2,2
4361,2,3
4362,2,3
4363,2,1
4364,1,1
4365,2,2
4367,1,1
4368,1,1
4370,2,1
4371,1,3
4373,1,2
4374,2,2
4375,1,1
4376,1,1
4377,1,2
4380,1,2
4381,1,2
4382,1,1
4383,0,2
4385,1,1
4386,2,3
4387,2,3
4388,1,1
4389,1,1
4391,1,2
4393,1,1
4394,1,2
4395,1,2
4396,1,1
4397,1,1
4400,2,3
4401,1,2
4402,1,1
4405,1,1
4406,1,1
4407,2,3
4408,1,1
4410,1,2
4411,1,2
4412,1,2
4413,1,2
4414,2,2
4415,2,2
4417,2,1
4419,1,2
4420,1,1
4421,2,2
4422,1,2
4423,1,1
4424,3,3
4425,1,2
4428,2,2
4429,2,2
4430,1,1
4431,0,2
4432,1,2
4433,2,2
4434,1,2
4436,1,2
4437,1,2
4438,1,1
4439,1,2
4440,2,2
4441,2,1
4442,1,2
4443,2,2
4445,1,2
4446,1,2
4447,1,2
4449,1,2
4450,1,1
4451,2,1
4452,3,3
4453,1,1
4454,0,0
4455,1,2
4459,1,1
4461,1,1
4462,1,1
4465,1,2
4466,2,1
4467,1,1
4468,1,1
4470,2,3
4471,2,1
4472,1,1
4473,3,3
4474,1,2
4475,1,2
4476,2,1
4477,1,1
4478,1,3
4479,1,2
4482,1,2
4483,1,2
4486,1,2
4487,1,1
4488,1,2
4490,1,2
4491,2,2
4492,1,1
4494,2,1
4496,2,2
4497,1,2
4499,1,1
4502,1,1
4503,3,3
4504,1,1
4506,1,2
4508,0,1
4509,2,2
4510,1,1
4511,1,2
4512,2,2
4513,3,3
4514,2,1
4515,1,1
4517,1,2
4518,1,2
4519,2,2
4521,2,2
4522,3,3
4523,1,1
4524,2,1
4526,1,2
4527,2,2
4528,1,2
4529,2,1
4530,1,1
4531,2,1
4532,1,1
4536,1,2
4537,1,1
4539,2,1
4540,1,1
4541,2,2
4542,1,2
4543,1,2
4544,2,1
4545,2,1
4546,1,1
4547,1,1
4550,2,3
4551,1,2
4552,1,1
4554,1,1
4555,3,3
4556,1,1
4557,2,2
4558,1,1
4559,1,2
4563,1,1
4564,1,2
4565,1,2
4566,2,2
4569,2,2
4570,1,2
4571,2,1
4572,1,2
4574,2,3
4575,2,1
4576,2,2
4577,1,1
4579,1,1
4580,1,1
4582,1,1
4583,1,1
4585,1,2
4586,2,1
4587,0,1
4588,2,1
4589,1,2
4593,1,2
4594,0,1
4595,1,1
4596,0,2
4601,1,1
4602,1,1
4603,1,2
4606,1,1
4608,1,2
4609,1,2
4610,1,2
4611,1,2
4613,1,1
4614,1,2
4615,1,1
4616,1,1
4617,1,2
4618,1,1
4619,1,1
4620,1,2
4621,2,1
4622,1,2
4628,1,2
4629,1,2
4631,1,2
4632,1,1
4633,1,2
4634,1,1
4635,2,2
4636,1,1
4637,1,2
4639,1,1
4640,1,2
4642,1,2
4644,3,3
4645,1,1
4646,1,2
4647,1,1
4648,1,2
4649,1,1
4650,1,1
4651,1,1
4652,2,1
4653,2,2
4654,1,1
4655,1,1
4656,1,1
4657,1,1
4658,0,0
4659,1,2
4660,1,1
4661,2,2
4662,1,1
4666,1,1
4669,1,1
4670,1,2
4671,1,1
4672,1,1
4673,3,1
4674,2,1
4676,3,3
4677,1,1
4678,2,2
4680,1,2
4682,2,1
4684,1,2
4685,3,3
4686,1,1
4687,1,2
4688,1,2
4689,1,1
4690,1,1
4692,1,1
4694,1,2
4696,1,2
4697,0,0
4699,1,2
4701,3,3
4703,1,2
4704,0,3
4705,1,3
4706,1,1
4707,3,1
4708,1,1
4709,1,2
4713,1,1
4714,1,1
4715,2,2
4716,1,2
4717,1,2
4718,1,1
4719,2,2
4721,1,1
4722,2,2
4723,2,2
4724,1,2
4725,1,2
4727,1,1
4728,1,1
4729,2,1
4730,1,2
4731,1,3
4732,2,1
4733,1,1
4735,3,3
4738,2,2
4739,1,1
4740,1,2
4741,2,2
4743,1,1
4744,1,3
4745,2,1
4747,1,1
4749,1,1
4750,2,2
4751,1,1
4752,1,1
4753,2,1
4755,1,2
4756,3,3
4757,1,1
4758,1,2
4759,1,1
4760,1,2
4762,0,3
4763,2,1
4764,1,2
4765,1,2
4766,1,1
4767,1,1
4768,1,1
4772,1,2
4773,1,1
4774,1,2
4776,1,1
4777,1,1
4778,1,1
4779,1,1
4780,2,2
4782,1,1
4783,2,3
4785,1,2
4786,1,2
4787,1,2
4789,1,1
4790,1,1
4791,1,2
4793,1,1
4794,1,1
4795,1,2
4799,1,2
4800,1,2
4803,2,1
4804,1,2
4805,3,2
4806,1,2
4807,1,2
4808,1,2
4810,1,2
4811,1,1
4812,3,3
4814,1,2
4815,0,0
4816,0,0
4817,1,2
4819,3,3
4820,2,2
4821,1,1
4823,1,2
4824,1,2
4826,1,2
4828,2,1
4829,2,2
4830,2,1
4831,1,2
4832,2,1
4833,1,2
4834,1,1
4837,1,1
4838,2,2
4840,2,1
4842,1,2
4843,1,1
4844,2,3
4846,2,2
4847,1,2
4848,1,2
4849,1,2
4851,1,1
4853,3,3
4855,1,3
4856,1,2
4857,1,2
4858,2,2
4860,1,1
4861,0,0
4862,2,1
4863,2,0
4864,1,2
4866,1,2
4867,2,1
4868,1,1
4870,1,1
4871,1,1
4872,2,2
4873,3,3
4875,2,2
4876,1,1
4877,2,2
4878,1,2
4879,1,3
4880,1,1
4881,1,1
4882,1,2
4883,1,1
4884,1,1
4885,1,2
4886,1,1
4887,1,1
4889,2,1
4890,3,3
4892,2,2
4897,0,0
4899,3,3
4900,1,2
4901,0,0
4903,1,2
4904,2,2
4905,0,2
4906,1,2
4908,1,2
4910,1,1
4911,1,2
4913,3,3
4914,2,1
4915,2,1
4916,3,3
4917,1,2
4918,3,3
4919,1,1
4920,1,1
4926,1,1
4928,1,2
4929,1,1
4930,1,2
4931,2,2
4932,1,3
4933,2,1
4934,1,0
4935,1,1
4936,0,3
4939,2,1
4940,1,1
4941,3,2
4942,0,0
4943,0,3
4945,1,1
4946,3,3
4948,3,3
4949,1,3
4951,2,2
4952,0,0
4953,1,1
4954,1,2
4955,2,2
4956,1,2
4957,1,1
4958,1,1
4959,1,1
4960,2,2
4961,1,1
4962,2,1
4963,1,1
4964,1,1
4965,1,2
4966,3,3
4967,1,1
4968,1,2
4970,2,1
4971,2,2
4972,1,2
4973,2,2
4974,1,2
4975,1,2
4976,2,2
4977,2,2
4978,1,2
4979,1,3
4981,2,1
4982,2,2
4983,1,1
4984,1,1
4985,1,2
4986,2,1
4987,1,2
4990,1,1
4991,1,2
4992,1,2
4993,1,3
4994,1,1
4996,1,3
4997,1,1
4998,2,1
4999,2,3
5000,1,2
5001,1,2
5002,1,1
5003,1,1
5004,2,2
5005,0,0
5006,1,2
5008,1,2
5009,1,1
5010,2,2
5011,1,1
5012,2,1
5013,2,1
5015,2,2
5016,2,2
5017,2,2
5018,3,3
5020,2,2
5021,1,2
5022,1,2
5023,1,1
5024,1,1
5025,1,2
5026,2,1
5027,2,1
5028,1,1
5030,2,1
5031,1,1
5034,1,1
5035,1,1
5036,1,2
5038,1,1
5040,1,2
5041,1,2
5042,1,2
5043,0,0
5048,1,2
5050,2,2
5051,1,2
5052,1,1
5054,2,2
5055,1,2
5056,3,3
5057,1,1
5059,0,0
5060,2,3
5061,1,1
5062,1,2
5063,3,3
5064,2,1
5065,1,1
5066,2,2
5067,2,2
5069,1,2
5070,2,2
5071,1,1
5072,2,1
5074,1,1
5075,1,1
5076,3,3
5077,1,1
5079,2,1
5080,1,2
5082,1,2
5083,1,2
5084,1,1
5085,1,2
5086,2,1
5087,1,2
5088,1,1
5089,3,3
5090,2,2
5091,1,1
5094,1,2
5096,2,1
5097,1,2
5099,2,3
5101,1,2
5102,1,2
5104,1,1
5105,1,1
5106,1,1
5107,1,2
5108,2,2
5109,1,2
5110,1,2
5111,1,2
5112,1,2
5114,1,1
5115,1,2
5117,1,1
5119,0,0
5120,1,2
5121,1,3
5122,1,1
5123,2,1
5126,1,1
5127,1,2
5128,1,1
5130,1,2
5132,2,2
5133,1,1
5134,3,1
5137,1,1
5138,0,0
5139,2,2
5140,0,2
5143,1,2
5144,2,2
5145,1,1
5146,1,2
5150,2,2
5151,1,2
5152,1,1
5153,2,1
5154,1,2
5155,1,1
5157,1,1
5158,1,1
5160,2,1
5161,1,2
5165,1,1
5166,2,1
5168,1,2
5169,1,2
5170,2,2
5171,2,2
5173,1,1
5174,1,2
5175,2,1
5176,2,1
5177,1,0
5179,1,1
5180,2,2
5181,2,2
5182,1,1
5183,1,0
5184,1,1
5185,1,2
5188,1,2
5189,3,3
5191,1,2
5192,1,2
5193,1,1
5194,1,1
5195,1,1
5197,2,2
5198,1,1
5200,0,2
5201,2,3
5203,1,1
5204,1,1
5205,1,2
5208,2,2
5209,1,1
5210,1,1
5213,2,2
5214,2,3
5216,2,1
5217,2,2
5218,1,1
5219,1,1
5220,2,2
5221,1,2
5222,1,2
5223,1,2
5224,2,2
5225,1,1
5226,1,1
5228,0,0
5230,0,1
5231,1,2
5232,2,1
5233,3,3
5234,2,1
5238,0,1
5240,1,1
5242,2,2
5243,2,2
5244,2,2
5245,1,1
5246,1,1
5248,1,2
5249,1,2
5250,1,2
5251,1,2
5252,2,2
5253,1,1
5255,1,2
5257,1,2
5259,1,1
5260,1,1
5262,1,1
5263,1,1
5267,1,2
5268,0,2
5269,2,2
5272,1,2
5273,1,2
5276,2,1
5277,2,2
5279,1,1
5282,2,3
5285,2,2
5286,1,1
5288,1,1
5289,0,2
5290,1,1
5292,1,2
5293,0,2
5294,1,1
5296,1,2
5297,2,1
5298,1,1
5299,1,2
5300,2,3
5301,2,1
5302,2,2
5303,1,1
5304,1,2
5307,1,1
5308,2,2
5309,2,1
5310,2,2
5311,2,1
5312,2,2
5313,1,1
5315,1,2
5316,2,1
5317,1,1
5319,2,3
5320,1,1
5321,1,1
5322,1,1
5323,1,1
5324,1,3
5326,1,1
5330,1,1
5332,2,2
5333,1,2
5334,1,2
5335,1,2
5336,2,1
5338,1,2
5341,3,1
5343,2,0
5344,1,1
5345,1,2
5346,1,2
5347,1,2
5349,1,1
5353,1,2
5355,3,3
5356,2,1
5357,1,1
5358,1,1
5361,1,2
5363,1,1
5364,2,3
5365,3,3
5366,0,2
5368,1,2
5369,1,2
5370,1,2
5371,1,2
5372,1,2
5373,2,1
5374,1,2
5377,1,2
5379,2,2
5380,1,2
5381,2,2
5382,1,1
5383,2,2
5384,1,1
5385,1,2
5387,1,1
5391,1,2
5392,0,2
5394,1,2
5395,1,1
5396,1,1
5397,1,2
5398,2,1
5399,1,3
5401,2,1
5402,1,2
5404,1,1
5405,1,1
5407,1,2
5408,3,3
5409,1,1
5410,0,2
5411,1,2
5412,1,1
5413,1,2
5415,2,1
5416,1,1
5417,1,2
5421,1,1
5422,1,1
5423,1,2
5424,1,2
5425,2,1
5429,1,2
5430,1,2
5431,0,2
5432,1,2
5434,2,2
5435,2,1
5437,2,2
5438,1,2
5439,1,1
5440,1,1
5441,1,1
5442,2,2
5443,2,1
5444,2,2
5446,1,1
5447,1,1
5449,1,2
5451,1,2
5454,2,3
5456,1,2
5458,0,0
5459,0,3
5460,1,1
5461,1,1
5462,2,3
5463,1,2
5464,2,1
5465,0,0
5466,1,2
5468,1,1
5470,0,0
5471,2,2
5473,1,1
5474,1,2
5475,1,1
5477,1,1
5478,1,1
5479,1,1
5481,2,2
5482,1,1
5483,2,1
5487,1,2
5488,1,2
5489,2,2
5490,1,1
5491,1,2
5492,2,2
5494,2,1
5496,1,2
5497,1,2
5498,1,1
5500,0,0
5501,1,2
5502,2,3
5503,3,3
5505,1,1
5506,1,1
5507,3,3
5509,2,1
5510,1,2
5511,0,2
5512,1,2
5514,2,3
5518,1,1
5519,1,2
5520,2,1
5521,1,1
5523,2,2
5524,0,2
5525,1,2
5528,2,2
5529,1,1
5530,1,2
5532,1,1
5534,1,1
5536,1,1
5537,1,1
5538,1,2
5539,2,1
5540,2,2
5541,1,2
5542,2,2
5543,1,2
5544,1,1
5550,1,1
5551,2,2
5553,1,2
5556,2,2
5557,2,2
5558,2,1
5559,1,2
5560,1,1
5561,1,2
5562,1,1
5563,1,2
5564,0,1
5566,1,2
5567,1,2
5568,2,1
5569,1,2
5571,3,3
5572,0,0
5573,1,1
5575,1,2
5576,1,2
5577,1,1
5579,1,1
5580,1,1
5582,1,2
5583,1,1
5584,1,2
5587,0,0
5588,1,2
5591,0,0
5592,3,1
5597,2,1
5601,1,2
5602,1,2
5603,2,2
5604,1,1
5605,1,1
5606,1,2
5607,1,2
5609,2,2
5610,1,1
5611,1,2
5612,1,1
5613,1,2
5614,2,2
5616,0,0
5618,2,2
5619,2,1
5622,1,1
5623,1,1
5625,1,1
5627,2,2
5628,2,2
5632,2,2
5633,1,1
5634,1,2
5635,1,2
5636,1,1
5637,2,2
5640,2,2
5641,1,1
5644,2,1
5645,1,2
5647,1,2
5649,1,1
5652,1,1
5653,2,1
5654,2,1
5655,2,1
5656,1,1
5657,1,1
5658,1,2
5659,2,2
5661,1,2
5662,1,1
5663,0,0
5664,1,1
5665,2,1
5668,2,1
5669,1,2
5670,0,0
5671,1,1
5672,1,1
5673,1,2
5674,2,2
5676,1,2
5677,1,2
5678,1,2
5679,2,2
5680,2,1
5681,1,2
5682,1,2
5683,2,2
5687,1,1
5688,1,1
5689,2,1
5692,1,1
5693,2,2
5696,2,2
5698,1,1
5699,1,2
5700,1,1
5701,1,2
5702,1,1
5703,0,2
5704,1,1
5705,1,2
5706,1,1
5707,2,1
5709,1,1
5710,1,2
5711,1,1
5713,1,1
5716,1,2
5717,1,2
5718,1,1
5719,1,2
5720,2,1
5721,1,2
5722,1,1
5723,1,2
5724,1,1
5725,1,2
5727,1,2
5728,1,1
5730,2,1
5731,1,2
5732,2,1
5733,1,1
5734,2,1
5735,2,2
5736,1,2
5737,1,1
5738,1,2
5739,1,1
5740,1,2
5741,2,3
5743,1,2
5744,1,1
5746,2,1
5747,1,2
5748,1,1
5749,2,2
5750,2,2
5751,1,2
5752,1,1
5753,1,1
5754,1,2
5755,1,2
5756,1,1
5758,2,1
5759,1,2
5760,2,1
5761,1,2
5762,1,1
5763,1,2
5764,2,2
5766,3,3
5768,0,0
5770,1,2
5772,1,1
5773,1,1
5774,2,1
5775,0,0
5776,2,3
5777,1,2
5778,2,2
5779,1,1
5782,2,2
5784,1,1
5785,1,2
5786,1,2
5788,2,1
5789,0,0
5790,1,1
5791,1,2
5793,1,1
5794,1,1
5795,1,1
5797,1,1
5798,2,1
5799,1,1
5800,1,1
5801,2,2
5802,1,2
5803,1,2
5804,2,3
5805,1,2
5806,1,1
5807,2,1
5808,1,1
5809,1,1
5810,1,1
5811,1,2
5812,1,2
5813,1,1
5814,1,2
5815,1,2
5817,0,0
5818,2,1
5819,2,2
5820,1,1
5821,1,1
5823,2,1
5824,1,2
5826,1,2
5827,1,2
5828,1,2
5829,2,2
5830,1,2
5831,2,2
5833,1,2
5834,1,2
5835,1,2
5838,2,2
5839,1,2
5840,2,2
5841,2,2
5842,2,1
5843,1,2
5844,1,2
5845,2,1
5846,2,1
5847,1,2
5849,1,1
5851,1,2
5852,1,1
5853,1,1
5854,1,1
5855,1,2
5856,1,2
5857,2,3
5858,1,2
5859,1,1
5860,1,1
5861,1,2
5862,1,1
5863,1,2
5865,1,1
5866,1,1
5867,2,2
5871,2,1
5872,1,1
5873,1,2
5874,0,1
5875,1,1
5876,1,1
5877,1,1
5878,1,1
5879,1,2
5880,1,2
5883,1,1
5885,1,2
5887,1,1
5888,1,1
5890,1,1
5891,1,1
5892,1,2
5893,1,2
5894,1,1
5897,1,1
5898,1,1
5899,1,2
5901,2,1
5902,2,1
5903,1,2
5904,1,1
5905,1,1
5906,1,1
5907,2,2
5908,1,1
5909,0,2
5910,1,2
5911,2,3
5912,1,2
5913,2,1
5914,1,2
5915,1,1
5916,2,2
5918,1,1
5919,1,2
5921,2,1
5922,2,2
5925,2,2
5926,1,2
5927,2,1
5928,1,2
5929,1,1
5930,1,1
5931,0,1
5935,0,0
5936,1,1
5937,1,1
5938,1,2
5940,1,1
5941,1,2
5942,2,1
5944,1,2
5945,1,2
5946,2,2
5947,1,2
5949,1,2
5951,1,1
5952,1,2
5954,2,2
5955,0,2
5957,1,2
5958,1,2
5959,1,2
5960,3,3
5962,2,1
5963,1,1
5964,1,1
5965,2,2
5966,2,1
5969,2,1
5970,2,1
5973,2,1
5974,2,2
5975,1,1
5976,1,2
5977,1,1
5978,2,1
5979,1,1
5981,2,1
5982,1,2
5983,2,2
5985,1,1
5986,2,1
5987,0,0
5988,1,1
5990,1,1
5993,1,2
5995,1,2
5996,2,2
5997,2,2
5998,1,1
5999,1,1
6001,1,1
6003,2,2
6004,2,2
6005,2,2
6007,1,2
6008,2,2
6009,1,2
6011,1,1
6012,2,1
6014,1,2
6017,1,2
6018,1,1
6019,1,1
6020,2,1
6021,3,3
6022,1,1
6024,1,1
6025,1,2
6026,1,1
6028,1,2
6031,1,2
6033,2,1
6034,1,2
6035,1,2
6036,1,2
6037,1,1
6038,1,1
6039,1,1
6040,2,1
6041,1,1
6042,2,2
6044,1,1
6045,1,1
6047,1,2
6048,3,2
6049,1,1
6050,2,2
6051,1,2
6054,2,2
6055,2,2
6056,1,2
6057,0,0
6058,1,2
6059,1,2
6063,1,1
6065,1,2
6066,1,2
6067,2,2
6068,1,1
6069,2,2
6070,1,1
6071,2,2
6072,2,2
6073,2,2
6074,1,1
6075,1,1
6076,1,1
6078,2,1
6079,1,2
6080,1,1
6081,1,2
6082,1,2
6083,1,1
6085,1,1
6087,1,2
6088,1,1
6089,2,1
6091,1,1
6094,1,2
6096,1,1
6098,1,2
6099,1,2
6100,0,2
6101,2,2
6102,1,2
6103,3,3
6104,1,2
6106,1,2
6107,1,2
6109,1,2
6110,2,2
6113,1,1
6114,1,2
6117,1,2
6120,1,1
6123,2,2
6124,1,1
6125,1,1
6126,2,1
6127,1,1
6128,1,1
6129,1,1
6130,1,2
6131,1,2
6134,2,2
6135,2,1
6136,1,1
6137,1,1
6138,1,1
6139,1,1
6141,2,2
6142,1,2
6143,1,2
6144,1,2
6146,0,0
6147,1,1
6148,1,2
6149,1,1
6150,1,2
6151,1,2
6152,1,2
6153,1,2
6157,3,3
6158,2,2
6159,1,1
6160,2,1
6163,1,1
6164,1,3
6165,1,2
6166,1,2
6167,1,1
6169,2,1
6170,2,1
6171,1,1
6172,1,1
6173,1,1
6174,1,1
6175,1,1
6176,2,2
6177,1,2
6178,1,1
6179,1,1
6180,3,3
6181,1,2
6182,2,2
6183,1,1
6184,1,2
6185,1,2
6187,1,2
6189,1,2
6190,2,1
6191,1,2
6192,1,1
6193,2,2
6195,2,3
6196,1,2
6197,1,2
6198,1,1
6199,1,1
6200,1,2
6201,2,2
6202,2,1
6204,1,2
6205,1,1
6207,1,1
6208,2,2
6209,1,2
6210,2,1
6211,1,2
6212,2,1
6213,0,0
6215,1,2
6216,1,2
6219,1,1
6221,1,1
6222,2,1
6224,2,1
6225,1,2
6226,2,1
6227,1,2
6231,2,3
6232,1,1
6233,1,1
6234,1,2
6235,1,1
6236,2,1
6238,2,2
6239,2,2
6241,3,2
6242,2,1
6243,1,1
6244,1,2
6245,0,2
6246,2,1
6247,2,2
6249,1,1
6252,1,1
6253,2,1
6254,1,1
6255,1,1
6256,1,1
6257,1,2
6258,1,2
6259,1,2
6260,2,1
6263,1,2
6264,1,2
6266,2,1
6268,2,2
6270,1,1
6272,2,1
6275,1,1
6277,1,1
6279,1,1
6281,2,1
6283,1,1
6284,1,1
6285,0,0
6287,2,1
6290,2,1
6291,1,1
6293,1,2
6294,1,2
6295,1,1
6296,1,2
6298,2,2
6300,2,1
6307,2,2
6308,1,1
6309,1,1
6310,1,1
6311,1,1
6312,2,2
6313,1,1
6314,1,1
6315,1,2
6316,1,2
6318,2,2
6319,1,2
6320,1,1
6321,0,2
6323,2,1
6324,1,1
6325,2,1
6326,1,2
6327,1,2
6328,1,2
6330,1,2
6332,2,1
6333,1,2
6334,1,1
6335,2,2
6336,1,2
6337,1,1
6338,2,2
6339,2,2
6340,2,1
6341,1,1
6342,1,2
6347,2,2
6349,1,1
6350,1,2
6354,1,2
6355,1,2
6356,2,1
6357,2,1
6358,2,1
6359,1,2
6360,1,2
6361,1,1
6363,1,2
6364,1,1
6365,1,1
6366,1,1
6369,2,1
6374,2,1
6375,1,1
6376,1,2
6378,1,1
6379,1,2
6380,1,2
6381,1,1
6383,1,2
6384,1,2
6385,1,2
6386,2,1
6387,2,1
6388,2,1
6390,1,1
6392,1,1
6393,1,2
6394,1,2
6395,1,2
6397,0,0
6398,1,2
6399,1,1
6403,2,2
6405,1,1
6407,1,1
6408,1,2
6410,1,2
6414,1,3
6416,2,2
6418,1,1
6419,1,1
6420,1,1
6422,2,1
6423,0,0
6424,1,2
6425,1,2
6426,1,1
6427,1,1
6429,1,3
6430,2,1
6433,1,1
6435,3,2
6436,2,1
6437,1,1
6438,3,3
6439,1,2
6440,2,2
6441,1,1
6443,1,1
6444,2,1
6445,1,1
6446,1,2
6447,1,2
6448,1,1
6449,1,2
6450,1,2
6451,2,2
6453,1,2
6456,2,2
6457,1,3
6458,1,1
6459,1,1
6460,2,2
6461,1,2
6462,1,1
6463,1,1
6466,1,1
6468,1,1
6469,1,2
6470,1,2
6472,2,1
6474,1,1
6475,1,2
6477,2,1
6478,1,1
6480,1,2
6481,0,1
6482,1,2
6484,1,1
6485,2,1
6486,1,2
6488,1,2
6489,2,2
6490,1,2
6491,1,1
6492,1,1
6493,0,1
6494,1,2
6497,1,1
6498,1,1
6499,1,2
6500,1,1
6501,3,3
6503,1,2
6505,1,2
6506,1,2
6507,1,1
6508,1,2
6509,1,2
6510,2,1
6512,3,3
6513,2,3
6515,2,2
6516,2,2
6517,2,2
6519,3,3
6521,1,2
6522,1,1
6523,1,1
6526,0,0
6527,2,1
6528,1,2
6529,1,1
6532,2,2
6533,2,1
6534,3,3
6535,1,2
6537,2,1
6538,1,1
6539,1,1
6540,1,1
6542,1,2
6545,0,1
6547,1,2
6548,2,3
6550,1,1
6551,0,1
6552,1,3
6554,2,2
6556,2,3
6557,1,2
6559,2,3
6560,1,1
6562,2,1
6563,1,1
6564,1,2
6565,1,1
6566,1,1
6567,1,1
6568,1,2
6570,1,1
6571,2,1
6572,1,2
6573,3,2
6574,1,1
6575,1,1
6576,0,2
6577,1,2
6579,1,1
6580,1,1
6582,1,2
6583,1,2
6584,2,2
6585,1,1
6586,1,2
6588,3,3
6589,1,2
6590,0,1
6591,1,1
6592,1,1
6593,1,1
6594,1,2
6595,3,3
6597,1,1
6598,1,1
6599,1,1
6600,1,2
6601,1,1
6603,1,2
6604,1,1
6606,1,1
6607,1,1
6610,0,1
6612,1,3
6614,2,2
6617,1,1
6619,1,1
6621,1,1
6622,3,1
6627,0,0
6628,1,2
6629,2,1
6630,2,1
6631,0,2
6633,2,1
6634,1,1
6639,2,2
6640,1,1
6641,1,1
6642,2,1
6643,1,1
6644,1,1
6645,1,1
6647,2,2
6648,0,1
6651,1,2
6652,1,1
6653,1,2
6654,1,2
6656,1,1
6657,1,1
6658,2,1
6659,1,2
6660,2,2
6661,2,1
6662,1,2
6665,1,1
6668,1,2
6669,1,2
6670,1,1
6674,1,1
6675,1,2
6676,0,2
6677,0,2
6678,1,1
6679,1,1
6682,1,2
6683,2,1
6684,1,2
6685,2,2
6686,1,1
6687,0,2
6688,2,2
6689,1,2
6690,0,0
6693,2,1
6695,0,2
6696,1,1
6697,1,3
6698,1,1
6699,0,1
6700,0,2
6701,1,2
6702,1,1
6705,2,1
6706,1,2
6707,1,2
6709,1,1
6710,1,2
6711,1,1
6713,0,2
6715,2,1
6716,1,2
6719,1,1
6720,1,1
6722,1,2
6723,1,2
6724,2,2
6725,0,2
6727,2,3
6728,2,1
6729,1,1
6730,1,2
6731,1,1
6734,0,2
6736,0,2
6737,2,2
6738,3,3
6739,1,2
6744,1,1
6745,1,1
6746,1,1
6748,2,2
6749,1,1
6751,1,2
6752,1,2
6755,0,0
6757,2,2
6758,1,1
6759,2,1
6760,2,2
6764,2,1
6765,1,1
6766,0,0
6768,1,1
6769,3,3
6770,1,2
6772,2,1
6773,2,2
6774,0,0
6775,1,1
6778,1,2
6779,0,0
6780,1,1
6781,3,3
6783,1,1
6784,1,2
6785,1,2
6788,1,1
6789,2,2
6790,1,2
6791,1,1
6793,2,1
6794,2,1
6796,1,2
6797,1,2
6799,2,2
6800,1,1
6801,2,1
6802,1,1
6803,1,1
6804,0,2
6805,1,1
6806,1,1
6807,2,2
6808,2,2
6809,1,2
6810,1,1
6811,2,1
6813,1,1
6816,2,1
6817,1,1
6821,1,2
6822,1,1
6823,2,2
6825,1,2
6827,1,2
6829,1,1
6830,3,3
6832,1,2
6834,2,2
6835,1,2
6837,2,3
6838,1,2
6839,1,1
6840,1,1
6841,3,3
6842,1,1
6843,1,1
6844,1,2
6845,2,1
6846,1,1
6847,2,2
6848,1,2
6850,2,2
6851,2,2
6853,1,1
6856,1,3
6857,1,1
6858,1,2
6859,1,1
6860,0,2
6863,1,2
6864,1,2
6865,1,2
6866,2,1
6868,0,2
6869,0,0
6870,1,1
6871,1,1
6874,3,2
6875,1,1
6876,1,1
6878,1,1
6879,1,2
6880,1,1
6883,1,1
6884,1,1
6885,0,2
6889,1,2
6891,1,2
6896,1,2
6897,3,3
6900,0,2
6901,2,1
6904,2,1
6905,0,0
6906,1,1
6907,2,2
6909,1,3
6910,1,2
6911,0,1
6913,1,1
6914,2,2
6915,1,1
6918,3,3
6920,2,2
6922,1,2
6924,1,2
6926,1,2
6927,1,2
6928,1,2
6929,1,2
6930,1,2
6932,0,3
6933,1,1
6935,3,3
6936,1,2
6937,1,1
6938,0,2
6939,1,1
6941,1,2
6942,1,1
6943,1,1
6945,1,1
6946,1,1
6947,1,2
6950,1,1
6952,1,1
6953,2,1
6954,1,2
6955,0,0
6956,1,2
6957,1,1
6958,1,1
6960,1,2
6961,1,1
6963,2,1
6965,1,3
6966,2,1
6969,2,1
6970,0,2
6971,2,1
6972,1,1
6973,1,1
6974,1,1
6975,1,2
6976,1,1
6978,1,1
6979,1,1
6980,1,2
6981,0,0
6982,3,3
6983,1,1
6984,0,0
6986,2,2
6987,2,2
6988,1,2
6991,0,2
6993,1,2
6996,2,2
7000,1,1
7002,1,2
7004,0,2
7005,2,2
7006,2,2
7007,1,1
7008,1,1
7010,1,1
7011,1,2
7012,1,2
7014,2,2
7015,1,2
7017,2,2
7018,2,1
7019,1,1
7021,1,2
7023,1,1
7027,3,3
7028,0,0
7029,2,1
7030,2,2
7031,1,2
7032,1,1
7034,1,2
7035,1,1
7037,1,2
7038,2,1
7041,1,1
7042,0,0
7043,1,1
7044,1,1
7046,2,2
7047,1,2
7048,1,1
7049,2,2
7050,1,1
7051,1,2
7052,1,1
7053,1,1
7055,1,1
7057,1,2
7058,1,1
7059,1,2
7063,0,0
7065,1,2
7066,2,2
7068,2,1
7070,3,1
7071,2,2
7072,2,1
7073,2,3
7075,1,1
7076,2,1
7077,1,2
7078,1,2
7079,1,2
7080,1,1
7082,1,2
7083,2,1
7085,1,1
7086,1,2
7087,2,2
7089,1,1
7090,1,2
7091,2,1
7092,0,0
7093,0,2
7094,1,2
7096,0,3
7097,1,1
7100,0,0
7101,0,2
7102,1,2
7103,1,2
7104,1,2
7105,1,1
7106,1,2
7108,1,1
7109,3,3
7110,1,2
7111,1,1
7112,1,2
7113,1,2
7114,1,1
7115,1,1
7116,1,2
7117,1,2
7118,0,0
7119,2,1
7120,1,2
7121,1,2
7122,0,1
7124,1,1
7125,1,2
7126,1,2
7127,1,1
7128,1,2
7129,1,1
7131,1,1
7134,1,1
7135,2,2
7136,3,3
7137,2,2
7138,3,3
7139,3,2
7140,1,1
7142,1,2
7143,0,2
7144,2,3
7146,1,2
7147,1,2
7148,2,1
7149,1,2
7151,1,1
7153,1,2
7154,3,3
7155,2,2
7156,2,2
7157,2,3
7158,1,1
7159,2,1
7160,1,1
7162,2,2
7163,0,2
7164,1,2
7165,1,2
7166,2,1
7168,0,1
7169,1,2
7170,1,2
7171,2,2
7172,2,2
7173,1,1
7175,1,1
7176,1,1
7177,2,2
7179,2,2
7180,3,3
7181,1,1
7182,1,2
7183,3,3
7184,1,1
7185,2,2
7186,1,2
7187,2,3
7189,1,1
7190,1,1
7191,1,2
7193,1,2
7194,2,2
7195,2,1
7196,0,2
7198,3,3
7199,1,2
7200,1,2
7201,1,2
7202,2,1
7203,2,1
7204,1,2
7205,0,2
7206,0,0
7208,2,2
7210,1,2
7211,1,2
7214,2,1
7216,1,1
7217,2,1
7218,0,2
7219,2,1
7220,1,2
7221,1,1
7222,1,1
7223,1,1
7224,0,0
7228,1,1
7229,2,1
7230,1,2
7231,1,1
7232,1,2
7234,1,2
7235,1,3
7239,1,1
7243,0,1
7244,1,1
7245,2,1
7246,1,1
7247,2,2
7248,1,2
7249,2,3
7251,2,2
7252,2,2
7253,0,0
7256,0,2
7257,1,2
7260,1,1
7261,2,2
7262,1,2
7265,2,2
7266,1,1
7267,1,2
7268,1,2
7269,1,1
7270,0,2
7271,2,1
7272,1,1
7273,1,1
7274,2,3
7275,0,3
7276,1,3
7278,1,1
7279,1,2
7280,2,1
7281,0,2
7282,1,2
7284,0,0
7285,0,0
7286,2,2
7290,2,1
7292,2,1
7294,0,0
7295,1,1
7296,1,2
7298,1,1
7299,1,1
7301,0,2
7302,2,3
7304,0,2
7305,1,1
7307,0,1
7308,2,1
7309,1,1
7317,1,1
7318,1,2
7319,1,2
7320,3,3
7322,3,3
7325,1,2
7330,1,1
7331,3,3
7332,1,1
7333,1,1
7334,1,1
7335,1,2
7336,1,1
7337,1,1
7338,2,2
7339,1,1
7340,1,1
7341,1,1
7342,1,1
7344,1,1
7347,1,2
7348,2,1
7349,1,1
7351,1,1
7352,1,1
7353,1,2
7354,1,2
7355,2,2
7356,3,3
7357,1,1
7359,1,2
7360,1,2
7361,1,1
7362,1,2
7364,1,1
7365,1,1
7366,0,1
7367,2,2
7368,1,1
7370,1,3
7371,0,1
7372,1,2
7373,1,2
7374,3,3
7375,1,1
7377,1,1
7378,1,2
7379,1,1
7380,1,2
7381,0,3
7382,3,3
7383,1,2
7384,1,2
7385,1,2
7386,1,1
7387,2,2
7388,2,2
7389,1,2
7390,1,2
7393,1,2
7394,1,1
7396,1,2
7397,1,2
7398,1,1
7400,1,2
7401,1,1
7402,1,1
7403,1,1
7404,1,2
7405,2,1
7409,2,2
7410,1,1
7411,1,1
7412,1,2
7413,1,2
7415,1,2
7416,1,2
7417,2,1
7418,1,1
7419,2,1
7423,0,3
7424,1,2
7425,1,1
7426,1,1
7428,0,0
7429,2,1
7430,2,2
7431,1,1
7434,1,1
7435,0,0
7436,1,1
7437,1,1
7439,1,2
7440,2,1
7441,2,1
7442,1,2
7443,1,2
7444,1,2
7445,2,2
7446,2,2
7447,1,2
7448,1,2
7449,1,2
7451,1,3
7452,1,2
7453,1,1
7454,1,1
7459,1,1
7463,1,1
7465,2,2
7466,1,2
7467,0,0
7468,1,1
7470,1,1
7471,3,1
7472,1,1
7473,0,2
7474,1,1
7477,1,1
7479,1,2
7480,1,2
7481,2,1
7482,1,2
7483,1,2
7484,2,0
7486,2,1
7487,1,2
7488,1,2
7489,3,2
7490,1,1
7491,1,1
7492,2,1
7494,1,2
7495,1,1
7497,2,2
7498,0,2
7500,2,2
7502,1,1
7503,1,1
7504,1,1
7505,1,1
7507,1,1
7508,1,2
7509,1,1
7510,2,2
7511,1,2
7512,1,1
7513,1,1
7514,1,1
7515,1,2
7516,1,2
7517,2,1
7518,0,3
7519,1,1
7520,1,2
7521,1,2
7522,2,1
7524,2,2
7525,1,2
7527,2,3
7528,1,2
7529,1,2
7530,1,1
7531,2,1
7532,1,1
7533,2,2
7535,1,1
7536,1,1
7540,2,2
7541,1,2
7542,2,2
7544,1,2
7545,1,2
7546,1,2
7552,1,2
7553,1,2
7554,0,0
7555,1,1
7556,2,2
7558,1,2
7559,1,1
7560,2,1
7561,1,2
7562,0,0
7563,0,2
7564,2,2
7565,2,1
7566,1,2
7567,2,1
7568,3,3
7569,1,2
7571,1,2
7572,2,3
7573,1,1
7575,1,1
7576,1,3
7577,2,1
7578,1,1
7579,1,2
7580,2,2
7581,2,3
7582,1,1
7583,2,1
7584,1,1
7585,1,1
7587,2,1
7590,1,1
7592,3,3
7594,1,2
7596,1,1
7598,1,1
7599,1,1
7600,0,2
7602,2,1
7603,2,2
7604,1,1
7605,2,2
7607,0,0
7608,1,1
7610,2,2
7611,1,2
7613,1,1
7616,3,3
7617,2,1
7618,2,2
7619,1,2
7620,2,1
7621,1,2
7622,1,1
7623,1,1
7628,2,2
7629,1,1
7630,1,1
7631,3,3
7632,2,1
7633,2,2
7634,1,1
7635,1,1
7637,2,1
7639,1,1
7640,1,2
7641,2,2
7642,1,1
7644,1,2
7645,1,2
7646,1,2
7650,1,1
7651,1,1
7652,1,1
7653,1,1
7654,1,1
7656,0,0
7657,0,1
7659,2,2
7660,1,1
7662,1,1
7663,1,1
7665,1,2
7667,1,2
7668,1,1
7669,1,2
7670,2,1
7673,1,1
7674,2,1
7676,1,2
7677,1,1
7679,2,1
7680,1,2
7681,1,1
7682,1,1
7683,1,1
7686,2,2
7687,1,1
7688,0,0
7690,1,1
7691,2,2
7692,1,1
7693,1,2
7695,1,1
7696,2,1
7697,1,1
7699,1,2
7700,1,2
7702,0,3
7704,1,1
7705,1,1
7706,1,2
7710,0,2
7711,2,2
7712,1,1
7713,2,2
7714,0,1
7718,0,2
7719,1,2
7722,0,2
7724,3,3
7725,1,1
7727,3,3
7728,3,3
7730,1,1
7732,0,0
7733,2,1
7734,2,1
7736,3,3
7739,1,3
7741,1,1
7742,2,2
7743,1,2
7745,1,1
7746,1,2
7747,0,2
7748,1,2
7750,1,1
7751,1,1
7752,2,2
7753,1,2
7754,2,2
7755,1,2
7757,1,2
7758,1,1
7760,2,1
7761,1,1
7762,1,1
7763,1,1
7764,1,1
7765,0,2
7766,0,0
7767,1,2
7768,2,1
7769,1,1
7770,1,2
7772,2,1
7773,2,1
7774,1,1
7775,1,2
7777,2,1
7779,2,2
7780,1,2
7783,1,1
7785,2,2
7786,3,3
7787,2,2
7788,1,1
7790,2,3
7791,1,2
7792,1,1
7793,1,1
7794,3,3
7795,1,2
7796,2,1
7798,1,2
7800,1,2
7802,2,2
7803,1,1
7805,1,1
7806,2,1
7811,1,2
7812,1,1
7815,2,2
7817,1,1
7818,3,3
7820,1,2
7822,0,1
7823,1,2
7824,1,1
7825,2,2
7827,2,2
7828,1,2
7830,2,2
7835,1,1
7837,1,2
7838,0,2
7841,0,0
7842,1,1
7843,1,2
7844,1,2
7845,0,0
7847,1,1
7848,1,2
7849,1,1
7850,2,2
7852,1,1
7853,2,2
7854,1,1
7855,1,1
7856,1,1
7857,2,3
7858,1,2
7859,3,3
7862,1,2
7863,1,2
7864,1,2
7865,2,3
7866,1,2
7867,2,3
7868,1,2
7869,3,3
7870,1,2
7871,0,1
7872,1,1
7873,0,0
7876,1,1
7877,1,2
7878,2,1
7880,2,2
7882,1,1
7884,1,1
7885,1,2
7886,1,1
7887,2,2
7888,0,2
7890,2,1
7893,3,3
7896,0,2
7897,1,1
7898,0,2
7899,2,2
7900,2,2
7902,2,1
7905,1,2
7906,1,2
7909,1,3
7910,1,2
7911,1,2
7912,1,2
7916,1,2
7917,1,2
7918,1,2
7920,2,2
7922,1,2
7923,2,2
7924,0,1
7925,1,1
7926,1,1
7927,0,2
7928,2,2
7929,1,2
7930,0,2
7931,1,1
7932,1,1
7934,2,1
7935,1,2
7936,2,3
7938,2,2
7939,2,1
7940,2,2
7942,2,1
7943,1,1
7944,1,1
7945,1,2
7946,1,2
7949,1,2
7951,1,2
7953,1,2
7955,1,1
7957,0,3
7958,1,1
7959,2,2
7960,1,2
7961,2,1
7964,1,3
7965,1,1
7966,2,3
7967,1,1
7968,2,1
7970,1,1
7972,1,1
7974,1,1
7975,1,2
7976,2,1
7978,2,2
7979,1,1
7981,1,1
7982,0,0
7983,3,3
7987,1,2
7991,1,2
7992,2,2
7993,1,2
7994,1,1
7995,1,2
7997,1,2
7998,2,1
7999,1,1
8000,1,1
8002,1,1
8003,0,0
8004,1,2
8005,2,1
8006,1,1
8009,1,2
8011,1,1
8012,0,1
8014,1,1
8015,1,1
8016,1,1
8017,2,1
8020,1,1
8021,3,3
8022,1,1
8023,0,2
8025,0,2
8026,1,2
8027,2,1
8028,1,1
8029,1,3
8030,2,1
8031,1,2
8035,3,2
8036,2,2
8039,2,1
8040,2,1
8041,2,1
8043,3,3
8044,1,2
8046,3,3
8049,1,2
8051,1,1
8052,1,2
8053,0,2
8055,1,2
8056,2,2
8058,2,2
8060,2,2
8061,2,2
8062,1,1
8064,0,2
8066,1,2
8067,0,2
8068,1,1
8069,1,2
8071,2,2
8072,1,1
8073,1,2
8075,1,1
8076,2,2
8077,1,1
8078,1,1
8079,1,3
8080,1,2
8081,2,2
8082,1,1
8083,0,0
8084,1,2
8085,0,1
8087,2,1
8089,1,2
8091,1,1
8093,2,1
8094,1,1
8095,1,1
8096,2,2
8098,1,2
8101,2,1
8102,1,1
8103,1,2
8104,2,1
8106,1,1
8107,1,1
8109,1,1
8110,1,1
8112,3,1
8115,1,2
8117,1,1
8118,2,2
8120,1,2
8121,1,2
8122,1,1
8123,1,2
8124,3,2
8126,2,1
8127,1,1
8130,1,1
8131,1,1
8132,0,3
8135,1,1
8136,1,2
8137,1,2
8140,1,1
8141,1,1
8142,2,2
8143,1,1
8144,1,1
8145,1,2
8148,2,2
8149,2,2
8150,1,2
8151,1,1
8152,1,1
8153,2,2
8154,0,2
8155,1,1
8156,0,1
8157,1,1
8158,1,1
8159,2,3
8160,3,3
8161,1,1
8162,1,2
8165,1,1
8167,2,1
8168,1,1
8169,1,1
8170,1,1
8172,1,3
8173,1,2
8174,1,1
8176,2,1
8177,1,1
8178,1,1
8179,2,2
8181,2,0
8183,1,1
8184,1,2
8185,2,2
8186,1,1
8187,1,1
8188,1,2
8189,1,1
8190,2,2
8194,2,1
8196,1,2
8197,1,1
8198,1,1
8199,1,2
8200,2,1
8201,1,1
8202,1,2
8204,3,3
8205,1,1
8209,2,2
8210,2,2
8211,1,1
8213,3,3
8215,1,2
8216,2,1
8220,1,1
8221,2,2
8223,1,1
8224,1,1
8226,1,1
8228,1,1
8229,2,2
8230,2,1
8233,1,1
8235,1,2
8238,1,1
8239,1,1
8240,1,1
8241,2,2
8242,0,2
8243,1,2
8245,1,2
8247,2,1
8248,0,2
8250,2,1
8252,1,1
8253,2,1
8254,1,1
8255,1,2
8256,2,2
8257,1,1
8258,3,3
8261,1,1
8262,2,2
8266,2,2
8267,2,2
8268,2,1
8269,2,2
8270,1,1
8271,1,2
8272,1,1
8275,1,1
8276,2,1
8278,2,1
8279,0,0
8280,1,2
8281,3,3
8284,1,1
8285,2,1
8286,1,1
8290,0,0
8291,2,1
8294,0,0
8297,1,1
8298,1,1
8299,2,1
8300,1,2
8301,2,2
8303,2,2
8304,0,0
8305,0,2
8306,1,1
8308,1,1
8309,2,2
8312,2,2
8314,2,3
8315,1,2
8316,1,2
8318,1,2
8319,1,2
8321,1,2
8322,1,1
8323,1,2
8324,1,1
8325,1,2
8326,1,1
8328,0,2
8329,2,2
8331,2,2
8332,2,1
8333,1,2
8335,1,2
8337,1,0
8338,1,1
8339,2,1
8340,1,2
8341,1,1
8342,1,1
8343,2,1
8344,1,1
8347,1,1
8349,1,2
8351,1,2
8352,1,1
8354,1,2
8355,1,2
8356,1,2
8357,1,1
8360,1,1
8361,2,1
8362,1,1
8363,1,2
8366,1,1
8367,1,2
8368,1,1
8369,1,1
8370,1,1
8371,0,0
8372,3,1
8375,2,1
8376,1,2
8377,3,3
8378,3,3
8379,1,1
8380,1,2
8382,1,1
8388,2,2
8389,2,2
8390,1,1
8391,2,1
8392,0,1
8394,1,2
8395,1,2
8396,2,2
8397,1,2
8398,2,1
8399,2,2
8401,2,1
8402,3,3
8403,1,2
8406,1,1
8409,3,3
8410,2,1
8411,1,0
8412,2,2
8413,1,1
8415,2,1
8417,1,2
8418,1,1
8420,1,2
8421,1,2
8422,0,1
8424,1,1
8426,1,1
8427,2,1
8429,1,2
8430,1,1
8431,2,1
8432,2,1
8433,2,2
8434,2,2
8435,1,2
8438,1,1
8439,2,1
8440,1,1
8441,1,1
8444,1,2
8445,1,1
8447,1,1
8449,1,1
8450,2,2
8455,1,1
8456,3,3
8457,1,1
8459,1,2
8460,1,1
8461,1,1
8463,2,1
8464,3,3
8465,1,1
8466,0,0
8468,3,3
8471,2,2
8472,1,1
8474,1,2
8476,1,1
8477,1,1
8479,2,2
8480,1,1
8481,2,2
8482,1,2
8483,1,2
8487,2,2
8488,1,1
8492,2,2
8493,3,3
8495,0,3
8496,1,1
8497,1,1
8499,2,1
8500,0,0
8501,2,2
8502,1,2
8503,1,1
8505,1,1
8506,1,3
8507,1,1
8508,1,2
8509,1,1
8510,2,2
8512,1,1
8515,1,2
8516,2,2
8517,1,2
8518,1,1
8519,2,1
8520,2,1
8522,1,2
8523,0,0
8525,2,2
8526,1,1
8528,1,1
