5.720000000000000000e+02,3.640244314809846173e+02,4.993853589431824884e-03,8.205674273331660515e+02,1.232340529217696747e-03
2.880000000000000000e+02,3.596450528489935436e+02,5.746551915949409117e-03,8.780713417944690491e+02,1.128254846696130718e-03
1.634000000000000000e+03,3.500510061524560115e+02,6.359227871013711959e-03,8.435978095688087706e+02,1.443717963215520326e-03
1.649000000000000000e+03,3.488889514314911366e+02,4.491123818166189822e-03,7.864080844185832575e+02,1.090969843217013801e-03
8.550000000000000000e+02,3.426871772576155308e+02,3.090165038381973133e-03,9.445677663652037381e+02,8.563468352150955610e-04
5.330000000000000000e+02,3.088461191113465247e+02,3.915981283035855839e-03,7.005185737556363392e+02,1.105044179719181932e-03
9.140000000000000000e+02,3.007891327937253436e+02,4.990304869137078374e-03,6.860086636907559523e+02,8.880035107497893064e-04
1.536000000000000000e+03,2.952311058550588427e+02,2.962607134494904711e-03,7.801684282459233373e+02,8.352429669351785560e-04
1.099000000000000000e+03,2.903970477935362737e+02,3.569622988935789321e-03,6.327879214229117224e+02,9.333886808677931916e-04
1.632000000000000000e+03,2.889553866828106834e+02,3.245688449028922163e-03,6.063116569848897370e+02,6.580066707211077110e-04
4.980000000000000000e+02,2.872913076757188833e+02,2.430330803051977857e-03,6.539307468288066048e+02,6.973501233256768289e-04
8.070000000000000000e+02,2.835120635783137004e+02,1.621771446833586558e-03,6.711845691646428804e+02,7.535810298357447897e-04
9.170000000000000000e+02,2.814296700799265523e+02,3.606486824822226038e-03,7.318934092412177961e+02,8.186843257238185468e-04
1.210000000000000000e+02,2.782776701804910999e+02,3.773160879609144865e-03,6.404585699873039175e+02,7.746353858597268462e-04
2.019000000000000000e+03,2.733081184741882339e+02,3.905687718212007796e-03,6.711715795813371415e+02,8.150369504361155461e-04
1.345000000000000000e+03,2.675704029243331661e+02,2.351669692019431150e-03,5.967840835933591279e+02,6.957321482839785333e-04
8.720000000000000000e+02,2.657844893478472841e+02,1.898628933402345944e-03,6.446024379818304624e+02,6.802075835595650924e-04
1.825000000000000000e+03,2.571762103180842587e+02,2.423412840889470257e-03,5.929670612862141752e+02,6.256776902753697885e-04
7.670000000000000000e+02,2.551572891058864911e+02,1.328853346149055882e-03,5.500802664691450445e+02,7.577292115749780866e-04
1.073000000000000000e+03,2.409493042482800433e+02,4.544587849400436377e-03,5.808656197539501136e+02,1.096473673935885332e-03
1.375000000000000000e+03,2.371023063843818761e+02,3.673833516733547057e-03,5.324610148041761022e+02,8.030149639774949478e-04
5.540000000000000000e+02,2.268521625178559304e+02,1.064080215006287097e-03,5.105921441071272397e+02,5.222534076675400001e-04
2.036000000000000000e+03,2.258560213555451242e+02,1.529170941304088547e-03,4.993136963987380454e+02,6.671950050243282684e-04
1.418000000000000000e+03,2.218019550875512778e+02,3.070001501363707214e-03,5.533891801577817660e+02,1.026431221738313866e-03
1.532000000000000000e+03,2.196676769111950875e+02,5.982830712516984395e-03,5.923813117108080633e+02,9.204579876978621509e-04
2.040000000000000000e+02,2.183296973957201885e+02,9.822704980416755403e-04,5.585059272425753534e+02,7.581507727279005165e-04
6.500000000000000000e+02,2.145591271295198794e+02,1.873714010816533715e-03,5.077547739131383082e+02,5.750088802631308409e-04
1.250000000000000000e+03,2.142737919147232333e+02,1.915805737271112025e-03,4.904486698979938524e+02,6.586834888294462904e-04
6.870000000000000000e+02,2.136531670419514057e+02,2.810447511932569892e-03,5.222106354523571099e+02,8.339660154100422785e-04
6.380000000000000000e+02,2.132923409864611131e+02,1.776336011679251637e-03,5.258581909207327953e+02,6.570093650401054135e-04
1.081000000000000000e+03,2.072865014898129630e+02,1.791319906029065342e-03,4.507468744087540244e+02,7.427108228642789354e-04
9.030000000000000000e+02,2.070621496135134407e+02,2.351007440203792265e-03,4.406368073780035957e+02,6.083892552880734283e-04
2.012000000000000000e+03,2.037429753508107524e+02,2.490313056592400546e-03,5.257966410966854482e+02,7.131178812764708353e-04
1.030000000000000000e+03,2.035754563424475805e+02,2.935086691328808381e-03,4.964437414797748147e+02,5.936974614658239047e-04
2.510000000000000000e+02,2.013002273604050458e+02,2.777654252884071816e-03,4.863246426825452886e+02,6.809213191137734053e-04
9.970000000000000000e+02,2.010529808711932560e+02,2.862178958162519323e-03,4.783522925174556804e+02,5.919498664313752479e-04
1.586000000000000000e+03,1.996336117085730848e+02,1.546909890036486527e-03,4.739731349051781990e+02,6.057343633562659990e-04
6.960000000000000000e+02,1.995616713830307276e+02,3.812961859252125309e-03,4.767013068666628328e+02,1.093642620535116268e-03
2.067000000000000000e+03,1.970516580794091794e+02,1.839421597446188163e-03,4.497362742542621277e+02,6.567554220936207667e-04
8.350000000000000000e+02,1.943790345556465695e+02,4.390761000030350908e-04,4.763142880368812371e+02,6.222059575947410477e-04
4.660000000000000000e+02,1.932574202667260579e+02,4.394774628919182087e-03,4.910017576237506773e+02,9.583195041989835735e-04
3.290000000000000000e+02,1.898726271532794385e+02,2.131507773674266946e-03,4.643889159260550059e+02,6.593812703457569650e-04
4.610000000000000000e+02,1.890863236879526426e+02,1.211711131919952040e-03,3.978609423950219934e+02,5.981996790587052045e-04
1.154000000000000000e+03,1.880457598471489575e+02,1.449933640911263335e-03,4.749570451353146154e+02,6.976970912947630344e-04
1.608000000000000000e+03,1.849630634542502037e+02,2.329551627678272223e-03,4.256161603139995009e+02,5.280195870515463864e-04
1.795000000000000000e+03,1.819379838881739033e+02,9.986664692754822388e-04,3.940595904524031425e+02,5.651392143196783081e-04
4.680000000000000000e+02,1.815732684629111588e+02,3.661771805913683307e-04,4.066042033427329443e+02,5.192482055284408779e-04
6.490000000000000000e+02,1.806264953433514222e+02,5.021978370583752779e-03,4.272489863186270895e+02,7.643609141059551620e-04
2.066000000000000000e+03,1.788465088562894323e+02,1.071534122045702175e-03,4.240139473274485340e+02,5.415216637170439931e-04
1.136000000000000000e+03,1.780137230528925443e+02,5.158279998829544888e-04,4.097698585490791743e+02,3.884807787496987537e-04
6.970000000000000000e+02,1.773140915900230539e+02,3.320167434154458214e-03,3.810266738724848210e+02,7.575872330308099220e-04
1.466000000000000000e+03,1.769416552862195715e+02,7.661030626757099659e-04,4.406523138896043861e+02,7.386297842430165341e-04
8.870000000000000000e+02,1.758634221271684055e+02,1.922282024049233725e-03,4.288060378731954643e+02,5.508748860622884533e-04
3.420000000000000000e+02,1.743995064445901733e+02,2.685014714929442794e-03,3.726787267601097824e+02,5.198790033066191937e-04
2.460000000000000000e+02,1.731311389102718010e+02,1.060995037073444265e-03,4.128960757676536559e+02,6.515822512126875302e-04
1.592000000000000000e+03,1.703184970796712037e+02,1.993008214208794471e-03,4.260781208912519560e+02,5.155071698832492961e-04
6.900000000000000000e+01,1.687070288622149405e+02,1.258109013879884965e-03,3.956079171767023581e+02,4.769051413774425376e-04
2.068000000000000000e+03,1.668807455878324220e+02,5.894484916872130918e-04,3.704338489439532509e+02,4.644701209566225153e-04
1.620000000000000000e+02,1.665986604360608681e+02,9.426476091840687655e-04,3.433952996222934075e+02,5.684826510132091979e-04
1.918000000000000000e+03,1.665429044493612878e+02,4.064161465037290631e-04,3.563367760578205434e+02,3.210208259164083842e-04
1.300000000000000000e+01,1.658740023260526755e+02,2.293080512050993478e-03,3.339858608572340017e+02,6.803881222138017737e-04
8.490000000000000000e+02,1.638609075757135258e+02,8.579660221488910566e-04,3.766722306101763706e+02,5.081076381902078663e-04
1.907000000000000000e+03,1.632965885749734980e+02,2.721252661925931127e-03,3.658672342443697971e+02,7.232498099788090950e-04
1.937000000000000000e+03,1.621476213240139259e+02,1.827071458282799937e-03,3.666718756196306686e+02,4.489000772195306981e-04
6.080000000000000000e+02,1.605378263872498223e+02,6.488372809918103133e-04,3.670814158557867586e+02,3.626729479478807546e-04
6.400000000000000000e+02,1.600091241515659135e+02,1.893368469920159516e-03,3.677315977710159132e+02,5.049985955893599408e-04
1.583000000000000000e+03,1.596279447194405350e+02,7.818783982258113328e-04,3.651492055311725835e+02,4.137110032526242816e-04
9.190000000000000000e+02,1.573222978073434319e+02,3.185678987092422938e-03,3.945595650708939957e+02,8.113269333665752356e-04
1.183000000000000000e+03,1.568749206369853653e+02,5.894757299339346964e-04,3.685098401717826277e+02,3.510865744687486321e-04
1.191000000000000000e+03,1.547295123776372066e+02,6.996797425999478227e-04,3.703268149856060063e+02,3.931300758736128924e-04
1.134000000000000000e+03,1.537228295071604407e+02,1.025389875576191226e-03,3.486292396543854011e+02,4.533693351545170025e-04
2.300000000000000000e+01,1.533804360600836958e+02,2.042485316997339536e-03,3.879362890618194797e+02,5.249103296362846996e-04
1.839000000000000000e+03,1.521862886186606261e+02,3.195886420163509233e-03,3.486715247385012049e+02,5.972417785913754912e-04
7.890000000000000000e+02,1.513625841224225610e+02,7.871620491433759968e-04,3.435361172055824568e+02,4.656167033869322721e-04
6.340000000000000000e+02,1.503971661571342509e+02,2.586158851822428968e-04,3.054314020856905358e+02,5.198538976592465477e-04
1.546000000000000000e+03,1.500101688385170746e+02,1.845180643080899597e-03,3.597139849039053274e+02,5.400731955898060337e-04
7.880000000000000000e+02,1.495151022368179383e+02,1.975244619115690270e-03,3.420304744714476897e+02,4.677085506483147619e-04
1.722000000000000000e+03,1.477059608976717300e+02,7.353195829854316428e-04,3.482573575852399017e+02,4.723285504322855747e-04
4.280000000000000000e+02,1.471670080598969719e+02,1.062859771654892311e-03,3.174069345529817383e+02,4.504669911182629881e-04
3.440000000000000000e+02,1.461828785094340901e+02,3.277649141678113027e-04,5.612706457941583267e+02,6.774218200056518046e-04
1.852000000000000000e+03,1.459876809060890821e+02,1.115211245192678727e-03,3.310206183169648284e+02,4.221923122006017415e-04
7.160000000000000000e+02,1.445858611077588307e+02,1.446554878755367587e-03,3.020206846255761093e+02,4.801306619162249551e-04
7.660000000000000000e+02,1.440453239807888224e+02,2.122129187191493151e-03,3.756782780454062731e+02,5.116484755982552953e-04
6.560000000000000000e+02,1.413652880741271360e+02,1.060216041615425625e-03,3.142163940727652403e+02,5.498215629073381801e-04
1.563000000000000000e+03,1.371530488837802295e+02,9.044903421433872796e-04,2.997461415369879205e+02,3.653268238329848141e-04
1.458000000000000000e+03,1.368976196395602472e+02,3.545252656382415039e-03,3.292407201250028379e+02,5.421681825268106049e-04
2.044000000000000000e+03,1.358192501229373477e+02,1.526566284745755437e-03,3.108304224381087693e+02,4.458790102008703044e-04
1.219000000000000000e+03,1.347081821794336349e+02,3.218534121776240459e-03,3.080399336473636254e+02,4.559882303879899887e-04
2.002000000000000000e+03,1.340041750382733028e+02,1.615286271968684835e-03,3.074992755271321698e+02,4.174759792639616920e-04
2.030000000000000000e+02,1.337201494171983143e+02,1.431634214733513728e-03,2.727738347053688130e+02,3.990148627098287037e-04
1.602000000000000000e+03,1.319177851549117975e+02,1.904595810514648699e-03,3.188542255053683903e+02,5.248618335319118425e-04
9.790000000000000000e+02,1.312591045911330241e+02,1.819758310336158343e-03,3.127123615716303675e+02,4.473610762549040448e-04
8.920000000000000000e+02,1.306548857566274933e+02,1.054511038108105377e-03,2.886492089203691762e+02,5.000890381340207915e-04
1.836000000000000000e+03,1.289018031879150499e+02,2.216010579121644765e-03,2.999644217162746713e+02,3.719994879610035539e-04
1.100000000000000000e+02,1.288428620925189421e+02,1.046725743069093972e-03,2.803660253883806490e+02,3.088744660033054942e-04
5.030000000000000000e+02,1.281076161063874963e+02,1.429063525886597455e-03,2.768297860900170235e+02,3.537890952594294918e-04
1.679000000000000000e+03,1.276548944037303954e+02,1.295702840160680314e-03,2.851114264399964213e+02,3.366139056969174041e-04
7.460000000000000000e+02,1.257869660017339584e+02,8.769160776069091171e-04,2.937985982780344898e+02,4.395537334186247935e-04
1.130000000000000000e+03,1.252700221426736675e+02,9.983369349542909124e-04,3.096598550115914463e+02,3.278335849324127580e-04
7.090000000000000000e+02,1.229746410010150726e+02,9.249971111401188032e-04,3.091625615494980934e+02,3.646783821184127112e-04
5.590000000000000000e+02,1.226107217788135415e+02,1.024417090953444118e-03,2.704911121694115081e+02,3.614745225699813485e-04
1.245000000000000000e+03,1.218070963689136050e+02,7.804324889545800155e-04,2.858312229858146338e+02,5.198218419043233382e-04
6.500000000000000000e+01,1.180305383343693109e+02,8.223801552774985925e-04,3.218072719009910543e+02,4.381450436174063180e-04
6.230000000000000000e+02,1.179640720003708765e+02,1.759096977153703795e-03,2.292543021857945291e+02,3.368534553786673054e-04
4.060000000000000000e+02,1.170740500349562296e+02,9.571734462723740545e-04,2.754312195501834708e+02,3.756815145048253510e-04
3.960000000000000000e+02,1.167391907910358100e+02,8.832314004610650800e-04,2.636194481435581451e+02,3.140682001930529738e-04
1.190000000000000000e+02,1.141662224139825668e+02,3.148561134562523366e-04,2.657755901211278342e+02,2.594364239917771133e-04
1.588000000000000000e+03,1.140048706447750391e+02,5.554998331912371296e-04,2.824464697594947893e+02,4.881877650685469334e-04
4.840000000000000000e+02,1.136291920708730316e+02,6.516580241831416553e-04,2.505967250395333963e+02,2.957934327878259002e-04
3.840000000000000000e+02,1.090002706564064141e+02,5.245720000661029982e-04,2.423885957302923657e+02,3.665050763871216056e-04
1.651000000000000000e+03,1.088072221849446635e+02,1.063503442589887847e-03,2.414854306092847480e+02,4.274445725008006410e-04
1.068000000000000000e+03,1.086506980379457445e+02,6.806280047829029855e-04,2.416871011525116728e+02,3.875511502581358253e-04
9.270000000000000000e+02,1.066865363130102082e+02,1.203639737533454719e-03,2.093059338993575693e+02,4.079653864508348080e-04
6.930000000000000000e+02,1.062438888313566849e+02,1.717874229911795642e-03,2.513896755401677297e+02,4.906913040104784888e-04
7.180000000000000000e+02,1.049974720195758096e+02,1.055982234113620431e-03,2.091160408631527048e+02,4.246911062176051766e-04
1.587000000000000000e+03,1.033669462497287981e+02,4.674791597384074255e-04,2.332180427283442725e+02,2.885239509851750500e-04
9.770000000000000000e+02,1.029591806893173924e+02,3.768595530310862082e-04,2.183323833830370972e+02,2.733533721103956616e-04
7.370000000000000000e+02,1.019707234672190452e+02,5.133075534762105655e-04,2.446870578550825712e+02,3.727489135488178682e-04
7.320000000000000000e+02,1.008036863940018577e+02,1.211766202941488889e-03,2.302090265771751092e+02,3.077755332814965852e-04
1.291000000000000000e+03,9.992494332664705325e+01,4.650986737967418151e-04,2.688418685585033359e+02,4.102776485856678276e-04
1.175000000000000000e+03,9.864934075051830575e+01,1.395994973717907530e-03,2.334369460780343957e+02,3.663081718390963685e-04
1.668000000000000000e+03,9.737894302853055706e+01,7.810614848345362286e-04,2.215370350796883372e+02,3.052249429271048763e-04
1.627000000000000000e+03,9.703337571270097328e+01,1.318242371528408801e-03,2.012266029417183972e+02,3.545554000543483684e-04
5.770000000000000000e+02,9.661389987029511417e+01,1.024104326043736137e-03,2.115398556173520603e+02,5.050891766710275408e-04
2.031000000000000000e+03,9.594878981481446090e+01,2.816831631821768624e-03,2.475545827628558868e+02,4.250487040047855932e-04
6.990000000000000000e+02,9.552950628257154619e+01,1.335651349045229985e-03,2.044615800124785494e+02,2.770501939628159543e-04
1.124000000000000000e+03,9.513144193693176476e+01,1.398359971276323535e-03,2.527411678450524732e+02,3.817811470149496214e-04
1.928000000000000000e+03,9.505605149614294191e+01,8.122913958410482322e-04,2.028922820560627542e+02,3.761420360261814324e-04
1.672000000000000000e+03,9.475618341828899815e+01,4.250654136319007275e-04,2.274816995824224364e+02,2.623052918352854332e-04
8.510000000000000000e+02,9.468383669379849721e+01,9.415900398363979225e-04,2.176607868937639978e+02,3.353957161454416643e-04
1.036000000000000000e+03,9.463251288626022983e+01,1.142978978927359319e-04,1.919899003338789498e+02,3.874408269451525629e-04
1.330000000000000000e+02,9.438137429661441047e+01,1.141478424192458093e-03,1.890794278537507864e+02,2.794379969533422560e-04
9.600000000000000000e+01,9.413285308283928998e+01,1.876311571004074779e-04,2.137552461740059471e+02,2.073481736196107613e-04
5.390000000000000000e+02,9.385126324157839406e+01,1.343250011431080517e-03,1.952022960427891292e+02,2.362137297147678689e-04
1.182000000000000000e+03,9.301452984464792451e+01,7.974900532877115741e-04,2.023211387013969897e+02,3.134911913270591738e-04
9.160000000000000000e+02,9.194538442904233477e+01,2.667578613099358159e-04,2.116130879175348980e+02,2.646962361924304428e-04
1.025000000000000000e+03,9.011336350627271941e+01,5.057951934129150968e-04,2.020571839628839541e+02,2.229051402093087031e-04
1.954000000000000000e+03,8.922360454319047562e+01,7.410099389965567719e-04,1.970696337563240377e+02,2.656133316255620191e-04
1.419000000000000000e+03,8.877310651362496685e+01,3.599094243989696342e-04,2.098654082935274516e+02,2.401829337734663172e-04
1.826000000000000000e+03,8.836375649685723488e+01,1.631341804820467126e-03,2.191451888868822380e+02,4.185334697591090117e-04
1.220000000000000000e+03,8.793338407270429968e+01,9.002615594632631165e-04,2.111804566731753994e+02,2.740741331219959760e-04
1.334000000000000000e+03,8.691752111162398364e+01,1.641808726232839733e-03,1.969990691516468075e+02,4.421310020321660064e-04
2.053000000000000000e+03,8.404813606342736421e+01,1.007019385826548989e-04,5.607563617877871138e+02,2.058163046492159521e-03
1.620000000000000000e+03,8.284931396140994764e+01,5.622908179144457111e-04,1.817224173847033910e+02,2.785494173937207206e-04
4.340000000000000000e+02,8.254712067067032422e+01,2.955104193636304321e-04,1.816208454016772293e+02,1.721866841032289883e-04
3.250000000000000000e+02,8.213582138261465104e+01,1.972221771041127777e-03,2.082531555641145928e+02,3.662083887353895012e-04
4.130000000000000000e+02,8.144492253852212116e+01,8.457478261335696400e-04,1.701140274451577739e+02,2.995282022934864013e-04
2.900000000000000000e+01,8.119391818927468307e+01,1.977521952377146643e-03,1.709144605657608622e+02,4.138313905347230253e-04
1.133000000000000000e+03,8.094996192093904597e+01,4.727892611444456839e-04,1.926532084724472043e+02,2.431735825294813690e-04
1.471000000000000000e+03,8.004727995091263892e+01,1.724558711438365852e-03,1.846405104959041523e+02,4.065160628106764145e-04
1.590000000000000000e+02,7.871939376062019278e+01,8.587281030961237149e-05,1.793182686480626842e+02,1.831742411778183356e-04
1.809000000000000000e+03,7.842985984117878218e+01,1.180013342569904890e-03,1.878023908620587576e+02,2.951612185660324079e-04
2.011000000000000000e+03,7.775366373546737009e+01,1.549367480811933082e-03,1.809779015384398235e+02,4.555994648722327760e-04
3.530000000000000000e+02,7.607279843901696381e+01,1.374925838867834286e-03,1.702013931717586672e+02,2.774585115390515271e-04
5.210000000000000000e+02,7.546983468164276587e+01,4.027124313577219511e-04,1.632543124533669356e+02,2.509283902212164309e-04
1.131000000000000000e+03,7.536346576231652250e+01,3.016699812779691063e-04,1.654216411079916043e+02,2.402733945713438003e-04
1.095000000000000000e+03,7.452554332080296717e+01,6.638339700776346069e-04,1.766753881913059843e+02,2.561957565725549537e-04
3.240000000000000000e+02,7.445493528685202023e+01,5.656976364258218615e-04,1.606883228937541048e+02,2.741921567554641659e-04
7.700000000000000000e+01,7.399505396499476717e+01,3.176487635052923199e-04,1.883763106170746369e+02,1.713234449879379086e-04
3.350000000000000000e+02,7.391286276865361060e+01,3.567418719320480935e-04,1.625751168084461256e+02,2.661543932814083619e-04
1.354000000000000000e+03,7.184309375501140948e+01,2.933698359490559382e-04,1.589779577442967593e+02,2.494222510620705590e-04
1.230000000000000000e+02,7.068502165010460203e+01,4.427112611452858806e-04,1.648430454479538128e+02,2.133791418156518371e-04
1.310000000000000000e+02,7.051702066074152242e+01,5.424477409135551370e-05,2.049153493729638456e+02,1.774373070648559798e-04
1.639000000000000000e+03,6.967260434595735319e+01,6.141878641888295258e-04,1.546697769769883450e+02,1.772742239157666492e-04
1.547000000000000000e+03,6.908602742189054879e+01,4.041793669000842693e-04,1.523281760082428775e+02,1.894878255959432645e-04
6.530000000000000000e+02,6.896961391986933165e+01,5.327021157083652219e-04,1.484748691986986273e+02,2.036714310139616044e-04
1.317000000000000000e+03,6.890393976921603780e+01,1.677064962976671848e-04,1.686315683716066474e+02,1.987749878621239755e-04
1.260000000000000000e+02,6.718712033203325973e+01,1.533784907818982156e-04,1.586167021919264357e+02,1.499067339982290291e-04
8.890000000000000000e+02,6.695055559832545100e+01,3.683255719204678205e-04,1.627081809478523269e+02,1.881823002955431334e-04
6.100000000000000000e+01,6.666832906141124226e+01,1.154385156060231971e-03,1.435907412170419946e+02,1.851289245204843187e-04
1.774000000000000000e+03,6.617487910617867897e+01,3.497729762188967200e-04,1.502776686253345702e+02,1.623694338864352068e-04
7.230000000000000000e+02,6.563375089108500049e+01,1.122257648438087932e-03,1.435468501750934252e+02,2.047602739920391650e-04
1.209000000000000000e+03,6.535269800937365403e+01,2.896464450496581081e-04,1.439878407941707223e+02,1.451455450816843044e-04
1.286000000000000000e+03,6.478751002303960149e+01,3.773575631791493512e-04,1.618973177629101770e+02,2.358358471718272314e-04
4.430000000000000000e+02,6.433967251672108034e+01,5.233228939626502181e-04,1.598256174571643839e+02,2.184852466584611861e-04
1.571000000000000000e+03,6.380921947695701846e+01,4.473643998823685457e-04,1.387441303415806146e+02,1.887215259458473778e-04
1.474000000000000000e+03,6.360142380538452755e+01,4.066225903397560669e-04,1.458571252960200582e+02,1.771509347143010189e-04
1.400000000000000000e+03,6.343396435416205037e+01,1.983449700246494825e-04,1.523856924616850392e+02,1.505408151821464543e-04
1.610000000000000000e+02,6.331221469882154906e+01,2.587807426436987738e-04,1.527374416043137160e+02,1.174961296005859609e-04
9.080000000000000000e+02,6.304436660871240861e+01,3.115339557176499989e-04,1.331719916747935315e+02,1.991820004344513893e-04
1.452000000000000000e+03,6.260638459072868045e+01,9.927512774675014990e-04,1.437898557520072131e+02,2.154405715959059804e-04
1.737000000000000000e+03,6.243087980249198665e+01,2.018388340699718358e-04,1.341150832303558786e+02,1.583958225212233901e-04
9.750000000000000000e+02,6.174733184008206877e+01,1.883812976248574827e-04,1.631614777875149116e+02,1.419065671012089487e-04
5.930000000000000000e+02,6.160778523317897992e+01,2.507648229554644488e-05,1.332316391445831982e+02,1.753195165764753413e-04
1.606000000000000000e+03,6.090085450154001023e+01,2.291207069235534155e-04,1.583235372850007536e+02,1.833314087427073073e-04
1.540000000000000000e+03,6.077904480942091681e+01,6.588494673944385619e-04,1.333837909576913887e+02,2.294733546010354957e-04
1.598000000000000000e+03,5.895005698311830855e+01,4.126920808443106689e-04,1.305499105005346223e+02,2.178515924366600850e-04
1.764000000000000000e+03,5.859332150689739649e+01,3.360488335056192118e-04,1.250962173461523150e+02,2.486159505265275412e-04
1.459000000000000000e+03,5.837368732396461013e+01,6.187517971148983513e-04,1.309786530057036487e+02,2.296522691454289556e-04
1.350000000000000000e+03,5.725570010395732368e+01,3.812645070365793627e-04,1.270561145270646222e+02,1.705885434141060587e-04
1.916000000000000000e+03,5.720564616388801227e+01,4.053645256862129474e-04,1.321875908870380556e+02,2.089458671143627473e-04
1.145000000000000000e+03,5.702293891537605930e+01,3.074569918361990599e-04,1.237985844457499240e+02,1.375694983845987106e-04
1.316000000000000000e+03,5.671770862339254649e+01,5.418199405705310988e-04,1.179642527024246874e+02,1.466056495541373484e-04
1.487000000000000000e+03,5.632567761471113954e+01,2.708239351367368775e-04,1.258536916458177330e+02,2.149689195430577520e-04
1.564000000000000000e+03,5.620686903787609623e+01,1.196145993848444074e-04,1.187000650598108109e+02,1.348464594306070458e-04
1.980000000000000000e+02,5.617090783676042065e+01,4.036410888746389783e-04,1.160875090395777534e+02,1.966294715255809274e-04
1.676000000000000000e+03,5.591133583510152505e+01,1.268871682651873535e-04,1.324783204482116332e+02,1.574081711239167349e-04
1.974000000000000000e+03,5.579430121797058462e+01,7.433858601146139163e-04,1.165536073962812367e+02,2.372801230976388310e-04
2.150000000000000000e+02,5.379455928959435340e+01,1.858427671575445760e-04,1.246844523450416204e+02,1.452863866641952413e-04
8.800000000000000000e+01,5.376958554311624994e+01,7.217773107212340595e-04,1.181251257382913309e+02,1.966053044978798242e-04
1.454000000000000000e+03,5.180497357825920091e+01,2.284524596930401392e-03,1.075848232374204940e+02,3.828968807709920300e-04
6.460000000000000000e+02,5.149814944436987219e+01,1.940111247215198784e-04,1.209234353437944378e+02,1.813728766679888107e-04
3.990000000000000000e+02,5.146504759011949659e+01,6.226696274058976998e-04,1.129883545791280284e+02,2.371471675455743904e-04
7.020000000000000000e+02,5.123111689604007779e+01,5.199025582737575556e-04,1.153474255473654893e+02,1.721233582616746858e-04
3.890000000000000000e+02,5.094210516206582895e+01,7.860813110360071691e-04,1.108051349566483736e+02,2.404663154136868388e-04
7.870000000000000000e+02,5.032493864431337016e+01,2.064150421989099427e-04,1.181281473109552280e+02,1.639924429161539058e-04
1.241000000000000000e+03,5.013207384540207556e+01,1.481574098143869321e-04,1.212611651058885229e+02,1.274634365627082884e-04
6.640000000000000000e+02,4.957257801683375931e+01,6.276523360774837954e-04,1.086058601582208638e+02,2.401410622703429112e-04
1.925000000000000000e+03,4.874414327629931165e+01,1.704130331911691697e-04,1.095848669695331239e+02,1.428630217359806004e-04
1.581000000000000000e+03,4.834680760760210916e+01,1.501829135362121241e-04,1.236724203927598182e+02,1.179209473738322651e-04
1.469000000000000000e+03,4.810323790869916394e+01,1.972696949839818688e-03,1.149188649248444989e+02,4.716088558647130733e-04
1.834000000000000000e+03,4.753993679745895662e+01,2.489639008084655429e-03,1.058866720211378265e+02,2.529108434591406554e-04
9.200000000000000000e+01,4.696202114299592267e+01,3.287948474964706084e-04,9.461439897711940716e+01,1.293097172505783255e-04
8.200000000000000000e+01,4.634797047685231774e+01,1.350010243877459905e-04,1.056021755404727003e+02,1.040444618412056144e-04
1.333000000000000000e+03,4.633810749607961554e+01,3.028797111196254634e-04,1.013582792434321078e+02,1.592109381446484885e-04
1.438000000000000000e+03,4.626164799545649942e+01,2.653597243921709272e-04,1.033745289570207007e+02,1.490947215353579975e-04
1.115000000000000000e+03,4.553193461829767585e+01,2.015777857294712443e-04,1.031720221126574302e+02,1.238482169580037246e-04
1.744000000000000000e+03,4.548878814306387852e+01,2.635907202945657617e-04,9.847721989139725451e+01,1.718231620959847854e-04
1.065000000000000000e+03,4.488235157332965031e+01,2.714805749534961589e-04,9.439907842873415689e+01,1.463952702458357026e-04
2.600000000000000000e+02,4.383403444714846131e+01,2.769066155437314319e-04,8.810314935312443652e+01,1.978055531318323370e-04
1.919000000000000000e+03,4.337740960723195371e+01,1.124818943258356057e-04,8.975030022613820790e+01,1.216955419059775493e-04
1.478000000000000000e+03,4.335338380708802219e+01,3.441403513324624666e-04,1.043560557321931981e+02,2.075404343132238754e-04
1.667000000000000000e+03,4.329479519370271134e+01,1.248782420521555333e-04,1.009555122624941390e+02,9.545406091512886881e-05
6.790000000000000000e+02,4.244445199382663958e+01,1.002754159492408878e-03,9.053965976607092614e+01,1.676415504347532543e-04
1.870000000000000000e+02,4.165148955698735023e+01,2.207596936379524195e-04,9.324391654570692367e+01,1.360324452124899092e-04
1.893000000000000000e+03,4.114978066744163954e+01,7.903973028547677145e-04,8.638345350599591654e+01,1.527459444410898164e-04
1.913000000000000000e+03,4.085151858167235872e+01,1.343494098907568098e-03,8.939539146406954728e+01,1.873817883285422024e-04
5.110000000000000000e+02,4.067708496084285485e+01,8.263399725546868131e-05,9.733100457185062737e+01,1.192310968777483474e-04
1.997000000000000000e+03,3.981852378997997732e+01,2.715136750449814750e-04,9.397790772389963365e+01,1.577518551157994057e-04
8.000000000000000000e+00,3.967314748460326257e+01,2.554003329760319747e-04,9.630329589529689827e+01,1.411844822867637300e-04
7.410000000000000000e+02,3.945166030466765505e+01,1.036453955724791115e-05,8.827909382207626265e+01,7.800195206271216960e-05
5.650000000000000000e+02,3.907460577774916288e+01,1.784498579321845625e-04,8.903294770664844293e+01,9.931916228496026622e-05
2.860000000000000000e+02,3.893076698877874264e+01,1.340885492864659560e-04,8.863960400687989249e+01,9.394432173953439521e-05
1.280000000000000000e+03,3.849570781480342418e+01,1.532055751986678379e-04,8.422674038907975103e+01,8.125202872732226590e-05
1.450000000000000000e+02,3.846537999452468171e+01,1.220045292224666372e-04,9.333695846766070758e+01,1.328986640616549220e-04
6.030000000000000000e+02,3.820222683432515964e+01,3.006959616121983097e-04,8.116648590534123286e+01,1.384244958079433954e-04
1.461000000000000000e+03,3.797376798227450223e+01,4.228221193012323027e-05,9.623677733494810127e+01,9.211426876829503362e-05
5.290000000000000000e+02,3.785797361600249644e+01,2.275701629787892894e-05,9.431665177827989055e+01,8.117116093476932153e-05
1.380000000000000000e+02,3.777496890794282081e+01,6.872721714028745890e-04,8.871993627581501585e+01,2.040111230132274616e-04
1.084000000000000000e+03,3.717189195160965198e+01,2.488630314317683131e-04,8.683177563992606451e+01,1.300144811241915317e-04
7.400000000000000000e+01,3.686001078163768341e+01,2.904929321886505402e-04,8.063983221139460511e+01,1.276027807022153476e-04
9.930000000000000000e+02,3.556938096592703857e+01,2.366998277886308460e-04,7.676949911791562897e+01,1.507586930737473145e-04
2.980000000000000000e+02,3.553629214286451798e+01,8.104583721661956595e-05,8.275839317742757828e+01,1.312787035413072966e-04
1.031000000000000000e+03,3.541247769819234748e+01,9.504888486170261620e-05,8.638935054039649231e+01,8.543092008862752072e-05
1.343000000000000000e+03,3.539986333830318443e+01,2.980267706282321892e-04,8.388285875135488823e+01,1.484424814679332163e-04
1.700000000000000000e+02,3.498867953103227535e+01,1.191976077542559152e-04,7.836721419826454849e+01,1.065615370060067450e-04
3.480000000000000000e+02,3.473642359830557780e+01,7.262266829107854932e-04,7.081551324254348856e+01,1.786887830371599413e-04
1.298000000000000000e+03,3.448445444048292075e+01,4.354401160232798017e-05,8.424898696731007419e+01,1.065862533091323358e-04
3.270000000000000000e+02,3.383231997555169812e+01,8.044259352592839692e-05,7.708632102035747380e+01,9.961907259140196107e-05
7.400000000000000000e+02,3.343151212308036691e+01,2.857932383375475123e-04,7.390351060145729889e+01,1.195866397009242476e-04
9.350000000000000000e+02,3.318422322439050731e+01,1.637396747494416084e-04,7.403019090689087989e+01,9.732392554278267681e-05
1.100000000000000000e+03,3.295426073206556339e+01,9.299628662452647529e-04,7.571388852531411828e+01,1.902734441192081513e-04
1.525000000000000000e+03,3.253607556440748283e+01,1.899310983076080747e-04,8.041646686663614219e+01,8.845144192140311462e-05
1.669000000000000000e+03,3.239533991800201562e+01,1.713423744210297985e-04,6.914207988275425976e+01,7.638387880721226697e-05
1.516000000000000000e+03,3.205115722089662711e+01,1.159256043475374805e-04,7.314530962321754259e+01,1.226597587700813585e-04
9.060000000000000000e+02,3.197860620220183137e+01,2.876815262290250081e-04,7.334670506501501563e+01,1.244747419084851281e-04
1.150000000000000000e+02,3.176889276079910829e+01,3.820471791355601688e-04,6.770114463674272542e+01,1.409316704074195568e-04
6.880000000000000000e+02,3.167895315172457060e+01,9.635357694990681263e-05,7.775660111801110475e+01,7.187231469897576016e-05
1.709000000000000000e+03,3.110639704953802820e+01,3.656710232441748440e-05,7.544495296614023516e+01,7.154509019656967546e-05
1.281000000000000000e+03,3.102077430220166221e+01,7.968280409027097080e-05,6.600789388941652192e+01,7.240975816639925414e-05
1.643000000000000000e+03,3.075703630616456152e+01,2.417691855849240514e-04,6.731097822802976793e+01,1.197752448057171315e-04
2.024000000000000000e+03,3.024594096428880974e+01,2.336847265668741709e-05,6.601222384739992322e+01,6.684717161552541215e-05
2.035000000000000000e+03,2.972576522143868161e+01,8.420321491550763831e-05,6.891808958631466453e+01,6.871275553141511583e-05
1.692000000000000000e+03,2.897514700464306969e+01,2.439640542546453700e-04,6.782974784710052063e+01,1.046639147824599166e-04
2.004000000000000000e+03,2.886604663662195946e+01,1.708018712886695968e-04,6.776973075048887551e+01,1.161183129932146001e-04
1.944000000000000000e+03,2.854227970390790503e+01,1.260561053451399063e-04,6.370140100989698340e+01,8.947513868165202471e-05
1.078000000000000000e+03,2.846946513620006414e+01,1.163529298510994521e-03,6.312364816505782983e+01,1.478774421096904716e-04
1.909000000000000000e+03,2.846686532964630345e+01,7.555139793808461450e-04,6.368538935083958563e+01,1.680637456051672679e-04
1.810000000000000000e+02,2.757287481310268973e+01,5.675400573319882820e-04,5.878478174734276251e+01,1.284924392511595497e-04
1.091000000000000000e+03,2.742706577525353850e+01,6.866314366808093437e-05,5.942955989924683990e+01,7.573403944526311312e-05
2.930000000000000000e+02,2.680035255454347265e+01,1.558970207079186444e-04,5.715163151302177624e+01,1.148040300379896540e-04
1.543000000000000000e+03,2.648234829348354680e+01,4.570156671566172378e-04,7.340710932382529563e+01,1.804684789641197566e-04
3.800000000000000000e+01,2.638627869341516785e+01,2.012389850111798400e-04,5.949716049646746541e+01,7.375306555347297917e-05
1.152000000000000000e+03,2.626657162692167446e+01,5.454767970742998667e-05,6.607569847836421673e+01,9.207992671253319226e-05
1.295000000000000000e+03,2.585451242827432594e+01,2.106006420216530411e-05,5.651805210985725125e+01,4.218406389730690087e-05
2.000000000000000000e+01,2.575229494262133656e+01,1.538425427770064003e-04,5.967195874639082831e+01,1.081613573406944932e-04
1.731000000000000000e+03,2.552541052156664136e+01,6.079396217544102537e-05,5.633029420005548360e+01,6.154045825638784360e-05
1.903000000000000000e+03,2.541514599081316561e+01,2.406889118939123200e-05,9.262649684005283746e+01,7.515153036094348921e-05
1.552000000000000000e+03,2.498487791074038711e+01,5.559018791960607922e-05,5.598081489722597581e+01,7.538754133385855958e-05
2.005000000000000000e+03,2.446962519466266883e+01,6.103736565416299732e-04,5.428578093746970978e+01,1.213171540864008016e-04
1.173000000000000000e+03,2.442284608524263234e+01,5.846155602541084316e-04,5.536267212506964341e+01,2.238331650604788990e-04
2.056000000000000000e+03,2.421257334889626378e+01,5.653838388736885353e-05,5.805115651952703359e+01,6.967052970395507167e-05
1.360000000000000000e+02,2.334520483730321772e+01,2.279720262056941142e-04,4.472619810364766835e+01,7.959250463933881345e-05
1.635000000000000000e+03,2.311507802778303500e+01,1.569845923254922001e-03,1.224293201497265500e+03,2.422402146369370332e-03
1.813000000000000000e+03,2.282234091113387464e+01,3.877767916192397050e-05,4.477703322215048587e+01,4.716118678144459091e-05
3.430000000000000000e+02,2.258764210754445756e+01,8.177739278233972053e-05,5.400809907544014976e+01,6.483036887927081217e-05
4.270000000000000000e+02,2.247817211935433335e+01,1.078561551770574776e-03,5.716528189116156966e+01,2.153108262576701362e-04
1.201000000000000000e+03,2.182552917962060945e+01,1.416733068701539998e-04,5.098944066115934248e+01,8.230352176742420311e-05
1.890000000000000000e+02,2.150672476952395940e+01,1.740710483697817119e-04,4.520827863055330198e+01,7.958557368179593368e-05
1.723000000000000000e+03,2.087095754637103795e+01,9.783331752577628508e-05,4.481186877148471837e+01,6.773121599552266181e-05
1.236000000000000000e+03,1.951365085852120274e+01,3.248777741870970527e-05,4.113039511603493281e+01,4.299158303420217092e-05
1.872000000000000000e+03,1.879579481570272392e+01,5.553600029969820795e-04,4.006136475102005079e+01,8.311421714199919626e-05
1.983000000000000000e+03,1.878087854612794416e+01,4.518902749869253594e-05,4.510580480387596225e+01,5.894006815833056386e-05
1.690000000000000000e+03,1.866000937672593807e+01,4.844369492280102893e-05,3.912821504039661136e+01,4.992816217592460642e-05
1.929000000000000000e+03,1.840972151533170731e+01,2.234043931322984345e-04,4.079830700837663215e+01,6.941547169824713814e-05
1.188000000000000000e+03,1.823858810033476274e+01,2.855442398813690975e-04,4.136460690911664528e+01,8.709414576646407448e-05
7.700000000000000000e+02,1.791780166619687975e+01,1.958562973920317395e-04,4.028776065358664482e+01,7.857004390202096335e-05
7.120000000000000000e+02,1.724317367388749744e+01,2.852718670713905779e-05,3.852684341840621585e+01,3.778533944772775736e-05
1.178000000000000000e+03,1.620670074676279171e+01,1.455805648412911632e-05,3.409580821584792432e+01,3.823692792737568279e-05
8.500000000000000000e+02,1.613271134920941563e+01,4.745762735655179536e-05,3.992172610992327009e+01,4.440866442083420698e-05
5.220000000000000000e+02,1.612392795427722092e+01,2.055309603465419531e-05,3.476212537788516954e+01,3.707221505169552015e-05
8.780000000000000000e+02,1.611547634594306899e+01,3.046355355583534155e-05,3.543715414671022756e+01,4.847929719142481141e-05
1.140000000000000000e+02,1.587066695442962683e+01,1.069456838078222829e-05,3.549244741372029210e+01,2.530528894029230843e-05
1.274000000000000000e+03,1.540356897783427925e+01,1.928041602333155949e-05,3.242849185506706533e+01,3.305940301042261726e-05
2.130000000000000000e+02,1.534476857116202275e+01,5.914768785103613404e-05,3.528921209506651024e+01,3.994544236184634288e-05
1.407000000000000000e+03,1.498324222276620077e+01,1.132289617664906744e-04,3.408543074598944855e+01,4.533956066296053727e-05
1.177000000000000000e+03,1.493835301832511142e+01,5.850424097177398246e-05,3.688350815021453144e+01,6.724291239797811081e-05
1.561000000000000000e+03,1.452503429079176200e+01,1.900249993152798404e-04,3.060430579696022235e+01,4.177263242336819681e-05
1.193000000000000000e+03,1.435045479983337913e+01,4.743252542959444868e-05,4.246476419731662588e+01,6.393630382993749264e-05
7.850000000000000000e+02,1.416678958008315270e+01,1.043926025322316509e-05,3.160776715087292743e+01,2.784283927083417413e-05
1.310000000000000000e+03,1.388780123436009362e+01,1.290652146889156270e-05,4.837775519303836802e+01,3.429759170711411964e-05
5.560000000000000000e+02,1.326858999089335889e+01,2.446634420268793447e-04,2.951763792094653027e+01,1.051232474688761504e-04
1.746000000000000000e+03,1.303641557610354695e+01,6.174533312823329042e-05,2.642682611421933814e+01,4.252820566750832988e-05
1.716000000000000000e+03,1.300736899048810713e+01,3.678182284219884140e-06,3.233317517102401695e+01,1.780031189405351111e-05
3.100000000000000000e+02,1.263885195626267155e+01,4.121995786955621479e-05,2.845765470126945473e+01,3.966745346091891835e-05
1.332000000000000000e+03,1.224603839273500938e+01,1.839450515932969783e-05,2.602999867754488150e+01,3.756096214815135244e-05
2.062000000000000000e+03,1.221857050993449789e+01,1.046161862299451367e-04,2.562025621848749779e+01,6.353879372608191745e-05
8.200000000000000000e+02,1.193056796437104872e+01,2.657474825023034402e-05,8.962721309983157880e+01,1.591390456184676983e-04
1.436000000000000000e+03,1.179740476616231248e+01,1.437880660507272245e-04,2.695720560980861791e+01,5.133242673046970199e-05
9.680000000000000000e+02,1.143843856523084668e+01,8.306791588641057285e-05,2.488657204283175162e+01,3.838752744756943633e-05
5.230000000000000000e+02,1.006662619636377975e+01,4.982644381720001197e-05,2.128479707827371570e+01,3.045524397217250765e-05
2.200000000000000000e+02,9.736697308571859111e+00,3.156252296252517298e-05,2.210594184425820430e+01,3.429317232648137088e-05
1.187000000000000000e+03,9.159134084478692372e+00,5.198125933242170988e-05,2.316272597520820753e+01,2.897134981287440120e-05
5.610000000000000000e+02,8.648610621624271744e+00,5.271359141722266644e-06,1.854042160897998670e+01,1.530079067659639310e-05
7.930000000000000000e+02,8.326532436992705399e+00,2.895372494844122851e-05,1.808438517255302358e+01,2.357490646642924301e-05
9.710000000000000000e+02,7.941992993949289925e+00,2.728071943900470724e-06,1.981792892345184853e+01,1.148741416226288751e-05
4.770000000000000000e+02,7.602221871223849625e+00,1.119811513964858705e-05,1.454987605916597815e+01,1.617365994760637852e-05
7.450000000000000000e+02,7.574258704883178872e+00,6.337141666453847044e-06,1.815671859456524828e+01,2.031267089666799117e-05
1.366000000000000000e+03,7.413305433915915899e+00,1.405388854660567343e-05,1.622836923366086026e+01,1.925617294087648689e-05
3.000000000000000000e+01,7.096670132155363575e+00,1.547089679564508493e-05,1.519323274854896155e+01,2.666073802705919019e-05
1.226000000000000000e+03,7.038161421018766184e+00,5.965514914940344375e-05,1.417309451378251595e+01,3.047774511028142751e-05
1.071000000000000000e+03,6.885085829007808300e+00,8.103395968410207872e-06,1.773660417945318812e+01,1.831781877584784293e-05
9.890000000000000000e+02,6.575234063451337541e+00,1.072016960314098719e-05,1.648709955631454349e+01,1.726447788681658474e-05
5.570000000000000000e+02,6.442862004101811202e+00,8.605429507785541964e-06,6.399270973026863629e+01,7.686192783326049373e-05
2.180000000000000000e+02,6.297159912067623821e+00,6.448491610756851068e-06,1.171856235461932982e+01,1.074085252933762564e-05
2.910000000000000000e+02,5.848386716500719729e+00,3.845409628933682983e-06,1.215925906203345086e+01,1.626465888647260250e-05
1.961000000000000000e+03,5.687466352164594063e+00,1.256256112311678669e-05,1.220048269524484397e+01,1.711461427070841844e-05
4.100000000000000000e+01,5.531955986848226203e+00,4.059688568919068333e-06,1.149753345424374729e+01,1.527031673970031920e-05
1.565000000000000000e+03,5.353587348703367610e+00,6.715817249205139872e-06,1.192389059264565532e+01,1.285287593180948847e-05
2.027000000000000000e+03,5.223881496169555660e+00,1.312422000527659702e-05,1.110138710823497377e+01,1.801156935298893664e-05
1.842000000000000000e+03,4.584577526563004213e+00,3.368443083975852358e-03,6.202763247067117618e+02,3.791483553350200302e-03
1.072000000000000000e+03,3.531261516870793038e+00,4.362272837222702934e-06,7.451833846222926994e+00,1.530527829069863155e-05
4.530000000000000000e+02,3.365114396547413733e+00,4.957565819404102024e-06,8.240687188206916147e+00,7.978533131246849056e-06
9.910000000000000000e+02,3.337340238977204887e+00,3.837450286353870433e-06,2.202323042954798638e+01,1.509474990002536847e-05
9.570000000000000000e+02,1.757415037614206366e+00,4.331708319343650126e-07,3.129216489694132353e+00,3.045161380704228448e-06
2.780000000000000000e+02,1.686181476159345216e+00,3.282904524762369723e-06,3.666118149314275154e+00,5.741503291586750074e-06
2.003000000000000000e+03,1.347778380279597732e+00,1.046054240175375262e-06,3.022161652626652817e+00,3.021352458855223023e-06
2.590000000000000000e+02,1.330616919304427492e+00,2.108888236144375056e-04,3.155850937576308297e+02,3.510296220237784487e-04
1.526000000000000000e+03,1.076266534423053089e+00,1.947963590080347514e-06,2.227001146000607612e+00,2.823256953325055407e-06
2.007000000000000000e+03,1.032093105652789333e+00,1.492478959827345695e-06,1.974932539115401120e+00,2.202339207050540863e-06
1.156000000000000000e+03,8.946737294472080215e-01,1.003898491015283584e-03,5.523715777930162858e+02,1.058147219083697965e-03
1.356000000000000000e+03,6.707220717236437313e-01,3.505590407358117887e-06,1.477638562652993981e+00,2.932046099721614563e-06
9.130000000000000000e+02,6.470683604941772638e-01,1.307316977760877655e-07,1.245367911309299691e+00,7.578529009121071116e-07
1.300000000000000000e+03,4.291974655048225173e-01,2.537621540697222315e-06,9.170854575018920762e-01,1.333390669913791580e-06
8.750000000000000000e+02,3.858476288591744519e-01,2.987006127060843267e-07,9.005392133675051980e-01,1.058282303679139966e-06
1.518000000000000000e+03,1.887368264573313636e-01,2.511085491718666980e-07,4.235397723668063441e-01,1.208691879879319813e-05
1.294000000000000000e+03,1.695907738504894569e-01,2.019977567423817304e-07,3.242539418971923659e-01,4.344269126505319192e-07
1.322000000000000000e+03,1.471816885133258035e-01,6.839598805934992634e-08,1.466539932475905972e-01,7.335560568542905574e-06
7.420000000000000000e+02,1.470442020587432175e-01,1.237992161636815472e-05,2.364590224484781344e-01,6.231581326249122976e-07
3.370000000000000000e+02,1.334509194875391214e-01,1.143931673170753962e-07,2.521296880874129287e-01,2.618490095072450292e-07
